experiment_id,protein_name,uniprot_id,pdb_id,chain,position,wild_type,mutation,ddG,dTm,is_curated,type,derived_type,interpro_families,conservation,is_essential,correlated_positions,is_back_to_consensus,secondary_structure,asa,is_in_catalytic_pocket,is_in_tunnel_bottleneck,b_factor,method,method_details,technique,technique_details,pH,tm,notes,publication_doi,publication_pubmed,hsw_job_id,datasets,sequence
PT000122,Lysozyme C,P00698,4LYZ,A,119,D,P,2.4,,true,,,IPR000974|IPR001916|IPR019799|IPR023346|IPR030056,3,false,,false,H,95.27,false,false,3.1,GdnHCl,GdnHCl,CD,CD,5.5,,,10.1093/protein/6.2.183,8475043,dtaj6d,ProTherm,MRSLLILVLCFLPLAALGKVFGRCELAAAMKRHGLDNYRGYSLGNWVCAAKFESNFNTQATNRNTDGSTDYGILQINSRWWCNDGRTPGSRNLCNIPCSALLSSDITASVNCAKKIVSDGNGMNAWVAWRNRCKGTDVQAWIRGCRL
PT000123,Lysozyme C,P00698,4LYZ,A,120,G,P,0.1,,true,,,IPR000974|IPR001916|IPR019799|IPR023346|IPR030056,4,false,,false,H,61.29,false,false,5.41,GdnHCl,GdnHCl,CD,CD,5.5,,,10.1093/protein/6.2.183,8475043,dtaj6d,ProTherm,MRSLLILVLCFLPLAALGKVFGRCELAAAMKRHGLDNYRGYSLGNWVCAAKFESNFNTQATNRNTDGSTDYGILQINSRWWCNDGRTPGSRNLCNIPCSALLSSDITASVNCAKKIVSDGNGMNAWVAWRNRCKGTDVQAWIRGCRL
PT001740,Lysozyme C,P00698,4LYZ,A,64,N,D,-0.46,,true,,,IPR000974|IPR001916|IPR019799|IPR023346|IPR030056,4,false,,false,E,70.49,false,false,3.88,GdnHCl,GdnHCl,CD,CD,3.5,,,10.3390/ijms1704051,27070572,dtaj6d,Saraboji2204|PopMuSiC|SAAFEC983|STRUM3421|ProTherm,MRSLLILVLCFLPLAALGKVFGRCELAAAMKRHGLDNYRGYSLGNWVCAAKFESNFNTQATNRNTDGSTDYGILQINSRWWCNDGRTPGSRNLCNIPCSALLSSDITASVNCAKKIVSDGNGMNAWVAWRNRCKGTDVQAWIRGCRL
PT001742,Lysozyme C,P00698,4LYZ,A,64,N,D,-0.03,,true,,,IPR000974|IPR001916|IPR019799|IPR023346|IPR030056,4,false,,false,E,70.49,false,false,3.88,GdnHCl,GdnHCl,CD,CD,4.0,,,10.1021/bi00157a021,1420152,dtaj6d,ProTherm,MRSLLILVLCFLPLAALGKVFGRCELAAAMKRHGLDNYRGYSLGNWVCAAKFESNFNTQATNRNTDGSTDYGILQINSRWWCNDGRTPGSRNLCNIPCSALLSSDITASVNCAKKIVSDGNGMNAWVAWRNRCKGTDVQAWIRGCRL
PT001744,Lysozyme C,P00698,4LYZ,A,64,N,D,0.69,,true,,,IPR000974|IPR001916|IPR019799|IPR023346|IPR030056,4,false,,false,E,70.49,false,false,3.88,GdnHCl,GdnHCl,CD,CD,4.5,,,10.1021/bi00157a021,1420152,dtaj6d,ProTherm,MRSLLILVLCFLPLAALGKVFGRCELAAAMKRHGLDNYRGYSLGNWVCAAKFESNFNTQATNRNTDGSTDYGILQINSRWWCNDGRTPGSRNLCNIPCSALLSSDITASVNCAKKIVSDGNGMNAWVAWRNRCKGTDVQAWIRGCRL
PT001746,Lysozyme C,P00698,4LYZ,A,64,N,D,0.76,,true,,,IPR000974|IPR001916|IPR019799|IPR023346|IPR030056,4,false,,false,E,70.49,false,false,3.88,GdnHCl,GdnHCl,CD,CD,5.0,,,10.1021/bi00157a021,1420152,dtaj6d,ProTherm,MRSLLILVLCFLPLAALGKVFGRCELAAAMKRHGLDNYRGYSLGNWVCAAKFESNFNTQATNRNTDGSTDYGILQINSRWWCNDGRTPGSRNLCNIPCSALLSSDITASVNCAKKIVSDGNGMNAWVAWRNRCKGTDVQAWIRGCRL
PT001748,Lysozyme C,P00698,4LYZ,A,64,N,D,0.84,,true,,,IPR000974|IPR001916|IPR019799|IPR023346|IPR030056,4,false,,false,E,70.49,false,false,3.88,GdnHCl,GdnHCl,CD,CD,5.5,,,10.1021/bi00157a021,1420152,dtaj6d,ProTherm,MRSLLILVLCFLPLAALGKVFGRCELAAAMKRHGLDNYRGYSLGNWVCAAKFESNFNTQATNRNTDGSTDYGILQINSRWWCNDGRTPGSRNLCNIPCSALLSSDITASVNCAKKIVSDGNGMNAWVAWRNRCKGTDVQAWIRGCRL
PT001750,Lysozyme C,P00698,4LYZ,A,53,E,Q,0.53,,true,,,IPR000974|IPR001916|IPR019799|IPR023346|IPR030056,5,true,,false,H,33.86,true,false,5.92,GdnHCl,GdnHCl,CD,CD,3.5,,,10.1021/bi00152a018,1390669,dtaj6d,ProTherm,MRSLLILVLCFLPLAALGKVFGRCELAAAMKRHGLDNYRGYSLGNWVCAAKFESNFNTQATNRNTDGSTDYGILQINSRWWCNDGRTPGSRNLCNIPCSALLSSDITASVNCAKKIVSDGNGMNAWVAWRNRCKGTDVQAWIRGCRL
PT001751,Lysozyme C,P00698,4LYZ,A,53,E,A,-1.46,,true,,,IPR000974|IPR001916|IPR019799|IPR023346|IPR030056,5,true,,false,H,33.86,true,false,5.92,GdnHCl,GdnHCl,CD,CD,3.5,,,10.3390/ijms1704051,27070572,dtaj6d,Saraboji2204|PopMuSiC|SAAFEC983|STRUM3421|ProTherm,MRSLLILVLCFLPLAALGKVFGRCELAAAMKRHGLDNYRGYSLGNWVCAAKFESNFNTQATNRNTDGSTDYGILQINSRWWCNDGRTPGSRNLCNIPCSALLSSDITASVNCAKKIVSDGNGMNAWVAWRNRCKGTDVQAWIRGCRL
PT001752,Lysozyme C,P00698,4LYZ,A,53,E,H,3.43,,true,,,IPR000974|IPR001916|IPR019799|IPR023346|IPR030056,5,true,,false,H,33.86,true,false,5.92,GdnHCl,GdnHCl,CD,CD,3.5,,,10.1021/bi00152a018,1390669,dtaj6d,ProTherm,MRSLLILVLCFLPLAALGKVFGRCELAAAMKRHGLDNYRGYSLGNWVCAAKFESNFNTQATNRNTDGSTDYGILQINSRWWCNDGRTPGSRNLCNIPCSALLSSDITASVNCAKKIVSDGNGMNAWVAWRNRCKGTDVQAWIRGCRL
PT001754,Lysozyme C,P00698,4LYZ,A,53,E,Q,0.47,,true,,,IPR000974|IPR001916|IPR019799|IPR023346|IPR030056,5,true,,false,H,33.86,true,false,5.92,GdnHCl,GdnHCl,CD,CD,4.0,,,10.1021/bi00152a018,1390669,dtaj6d,ProTherm,MRSLLILVLCFLPLAALGKVFGRCELAAAMKRHGLDNYRGYSLGNWVCAAKFESNFNTQATNRNTDGSTDYGILQINSRWWCNDGRTPGSRNLCNIPCSALLSSDITASVNCAKKIVSDGNGMNAWVAWRNRCKGTDVQAWIRGCRL
PT001755,Lysozyme C,P00698,4LYZ,A,53,E,A,-1.14,,true,,,IPR000974|IPR001916|IPR019799|IPR023346|IPR030056,5,true,,false,H,33.86,true,false,5.92,GdnHCl,GdnHCl,CD,CD,4.0,,,10.1021/bi00152a018,1390669,dtaj6d,ProTherm,MRSLLILVLCFLPLAALGKVFGRCELAAAMKRHGLDNYRGYSLGNWVCAAKFESNFNTQATNRNTDGSTDYGILQINSRWWCNDGRTPGSRNLCNIPCSALLSSDITASVNCAKKIVSDGNGMNAWVAWRNRCKGTDVQAWIRGCRL
PT001756,Lysozyme C,P00698,4LYZ,A,53,E,H,3.13,,true,,,IPR000974|IPR001916|IPR019799|IPR023346|IPR030056,5,true,,false,H,33.86,true,false,5.92,GdnHCl,GdnHCl,CD,CD,4.0,,,10.1021/bi00152a018,1390669,dtaj6d,ProTherm,MRSLLILVLCFLPLAALGKVFGRCELAAAMKRHGLDNYRGYSLGNWVCAAKFESNFNTQATNRNTDGSTDYGILQINSRWWCNDGRTPGSRNLCNIPCSALLSSDITASVNCAKKIVSDGNGMNAWVAWRNRCKGTDVQAWIRGCRL
PT001758,Lysozyme C,P00698,4LYZ,A,53,E,Q,0.43,,true,,,IPR000974|IPR001916|IPR019799|IPR023346|IPR030056,5,true,,false,H,33.86,true,false,5.92,GdnHCl,GdnHCl,CD,CD,4.5,,,10.1021/bi00152a018,1390669,dtaj6d,ProTherm,MRSLLILVLCFLPLAALGKVFGRCELAAAMKRHGLDNYRGYSLGNWVCAAKFESNFNTQATNRNTDGSTDYGILQINSRWWCNDGRTPGSRNLCNIPCSALLSSDITASVNCAKKIVSDGNGMNAWVAWRNRCKGTDVQAWIRGCRL
PT001759,Lysozyme C,P00698,4LYZ,A,53,E,A,-0.86,,true,,,IPR000974|IPR001916|IPR019799|IPR023346|IPR030056,5,true,,false,H,33.86,true,false,5.92,GdnHCl,GdnHCl,CD,CD,4.5,,,10.1021/bi00152a018,1390669,dtaj6d,ProTherm,MRSLLILVLCFLPLAALGKVFGRCELAAAMKRHGLDNYRGYSLGNWVCAAKFESNFNTQATNRNTDGSTDYGILQINSRWWCNDGRTPGSRNLCNIPCSALLSSDITASVNCAKKIVSDGNGMNAWVAWRNRCKGTDVQAWIRGCRL
PT001760,Lysozyme C,P00698,4LYZ,A,53,E,H,2.76,,true,,,IPR000974|IPR001916|IPR019799|IPR023346|IPR030056,5,true,,false,H,33.86,true,false,5.92,GdnHCl,GdnHCl,CD,CD,4.5,,,10.1021/bi00152a018,1390669,dtaj6d,ProTherm,MRSLLILVLCFLPLAALGKVFGRCELAAAMKRHGLDNYRGYSLGNWVCAAKFESNFNTQATNRNTDGSTDYGILQINSRWWCNDGRTPGSRNLCNIPCSALLSSDITASVNCAKKIVSDGNGMNAWVAWRNRCKGTDVQAWIRGCRL
PT001762,Lysozyme C,P00698,4LYZ,A,53,E,Q,-0.15,,true,,,IPR000974|IPR001916|IPR019799|IPR023346|IPR030056,5,true,,false,H,33.86,true,false,5.92,GdnHCl,GdnHCl,CD,CD,5.0,,,10.1021/bi00152a018,1390669,dtaj6d,ProTherm,MRSLLILVLCFLPLAALGKVFGRCELAAAMKRHGLDNYRGYSLGNWVCAAKFESNFNTQATNRNTDGSTDYGILQINSRWWCNDGRTPGSRNLCNIPCSALLSSDITASVNCAKKIVSDGNGMNAWVAWRNRCKGTDVQAWIRGCRL
PT001763,Lysozyme C,P00698,4LYZ,A,53,E,A,-1.55,,true,,,IPR000974|IPR001916|IPR019799|IPR023346|IPR030056,5,true,,false,H,33.86,true,false,5.92,GdnHCl,GdnHCl,CD,CD,5.0,,,10.1021/bi00152a018,1390669,dtaj6d,ProTherm,MRSLLILVLCFLPLAALGKVFGRCELAAAMKRHGLDNYRGYSLGNWVCAAKFESNFNTQATNRNTDGSTDYGILQINSRWWCNDGRTPGSRNLCNIPCSALLSSDITASVNCAKKIVSDGNGMNAWVAWRNRCKGTDVQAWIRGCRL
PT001764,Lysozyme C,P00698,4LYZ,A,53,E,H,1.56,,true,,,IPR000974|IPR001916|IPR019799|IPR023346|IPR030056,5,true,,false,H,33.86,true,false,5.92,GdnHCl,GdnHCl,CD,CD,5.0,,,10.1021/bi00152a018,1390669,dtaj6d,ProTherm,MRSLLILVLCFLPLAALGKVFGRCELAAAMKRHGLDNYRGYSLGNWVCAAKFESNFNTQATNRNTDGSTDYGILQINSRWWCNDGRTPGSRNLCNIPCSALLSSDITASVNCAKKIVSDGNGMNAWVAWRNRCKGTDVQAWIRGCRL
PT001766,Lysozyme C,P00698,4LYZ,A,53,E,Q,-0.48,,true,,,IPR000974|IPR001916|IPR019799|IPR023346|IPR030056,5,true,,false,H,33.86,true,false,5.92,GdnHCl,GdnHCl,CD,CD,5.5,,,10.1021/bi00152a018,1390669,dtaj6d,ProTherm,MRSLLILVLCFLPLAALGKVFGRCELAAAMKRHGLDNYRGYSLGNWVCAAKFESNFNTQATNRNTDGSTDYGILQINSRWWCNDGRTPGSRNLCNIPCSALLSSDITASVNCAKKIVSDGNGMNAWVAWRNRCKGTDVQAWIRGCRL
PT001767,Lysozyme C,P00698,4LYZ,A,53,E,A,-1.77,,true,,,IPR000974|IPR001916|IPR019799|IPR023346|IPR030056,5,true,,false,H,33.86,true,false,5.92,GdnHCl,GdnHCl,CD,CD,5.5,,,10.1021/bi00152a018,1390669,dtaj6d,ProTherm,MRSLLILVLCFLPLAALGKVFGRCELAAAMKRHGLDNYRGYSLGNWVCAAKFESNFNTQATNRNTDGSTDYGILQINSRWWCNDGRTPGSRNLCNIPCSALLSSDITASVNCAKKIVSDGNGMNAWVAWRNRCKGTDVQAWIRGCRL
PT001768,Lysozyme C,P00698,4LYZ,A,53,E,H,0.61,,true,,,IPR000974|IPR001916|IPR019799|IPR023346|IPR030056,5,true,,false,H,33.86,true,false,5.92,GdnHCl,GdnHCl,CD,CD,5.5,,,10.1021/bi00152a018,1390669,dtaj6d,ProTherm,MRSLLILVLCFLPLAALGKVFGRCELAAAMKRHGLDNYRGYSLGNWVCAAKFESNFNTQATNRNTDGSTDYGILQINSRWWCNDGRTPGSRNLCNIPCSALLSSDITASVNCAKKIVSDGNGMNAWVAWRNRCKGTDVQAWIRGCRL
PT001770,Lysozyme C,P00698,4LYZ,A,21,F,Y,,-1.2,true,,,IPR000974|IPR001916|IPR019799|IPR023346|IPR030056,6,false,,false,L,18.54,false,false,6.46,Thermal,Thermal,CD,CD,6.4,72.8,,10.1093/bioinformatics/btw361,27318206,dtaj6d,khan1784|potapov2156|capriotti1615|I-Mutant1948|I-Mutant2087|Saraboji1396|Saraboji1791|IPTREE-STAB|SVM1634|SVM1681|PopMuSiC|M47M8-2760|EASE-MM-1676|STRUM3421|ProTherm,MRSLLILVLCFLPLAALGKVFGRCELAAAMKRHGLDNYRGYSLGNWVCAAKFESNFNTQATNRNTDGSTDYGILQINSRWWCNDGRTPGSRNLCNIPCSALLSSDITASVNCAKKIVSDGNGMNAWVAWRNRCKGTDVQAWIRGCRL
PT001771,Lysozyme C,P00698,4LYZ,A,33,H,L,,2.0,true,,,IPR000974|IPR001916|IPR019799|IPR023346|IPR030056,1,false,,false,G,44.6,false,false,5.3,Thermal,Thermal,CD,CD,6.4,76.0,,10.1093/bioinformatics/btw361,27318206,dtaj6d,khan1784|potapov2156|capriotti1615|I-Mutant1948|I-Mutant2087|Saraboji1396|Saraboji1791|IPTREE-STAB|SVM1634|SVM1681|PopMuSiC|M47M8-1810|M47M8-2760|EASE-MM-1676|STRUM3421|ProTherm,MRSLLILVLCFLPLAALGKVFGRCELAAAMKRHGLDNYRGYSLGNWVCAAKFESNFNTQATNRNTDGSTDYGILQINSRWWCNDGRTPGSRNLCNIPCSALLSSDITASVNCAKKIVSDGNGMNAWVAWRNRCKGTDVQAWIRGCRL
PT001772,Lysozyme C,P00698,4LYZ,A,37,N,K,,-2.8,true,,,IPR000974|IPR001916|IPR019799|IPR023346|IPR030056,5,false,,false,G,96.7,false,false,4.4,Thermal,Thermal,CD,CD,6.4,71.2,,10.1093/bioinformatics/btw361,27318206,dtaj6d,khan1784|potapov2156|capriotti1615|I-Mutant1948|I-Mutant2087|Saraboji1396|Saraboji1791|IPTREE-STAB|SVM1634|SVM1681|PopMuSiC|M47M8-1810|M47M8-2760|EASE-MM-1676|STRUM3421|ProTherm,MRSLLILVLCFLPLAALGKVFGRCELAAAMKRHGLDNYRGYSLGNWVCAAKFESNFNTQATNRNTDGSTDYGILQINSRWWCNDGRTPGSRNLCNIPCSALLSSDITASVNCAKKIVSDGNGMNAWVAWRNRCKGTDVQAWIRGCRL
PT001773,Lysozyme C,P00698,4LYZ,A,39,R,Q,,-0.4,true,,,IPR000974|IPR001916|IPR019799|IPR023346|IPR030056,4,false,,false,G,149.66,false,false,5.3,Thermal,Thermal,CD,CD,6.4,73.6,,10.1093/bioinformatics/btw361,27318206,dtaj6d,khan1784|potapov2156|capriotti1615|I-Mutant1948|I-Mutant2087|Saraboji1396|Saraboji1791|IPTREE-STAB|SVM1634|SVM1681|PopMuSiC|M47M8-2760|EASE-MM-1676|STRUM3421|ProTherm,MRSLLILVLCFLPLAALGKVFGRCELAAAMKRHGLDNYRGYSLGNWVCAAKFESNFNTQATNRNTDGSTDYGILQINSRWWCNDGRTPGSRNLCNIPCSALLSSDITASVNCAKKIVSDGNGMNAWVAWRNRCKGTDVQAWIRGCRL
PT001774,Lysozyme C,P00698,4LYZ,A,52,F,Y,,0.5,true,,,IPR000974|IPR001916|IPR019799|IPR023346|IPR030056,5,false,,false,H,72.39,false,false,5.93,Thermal,Thermal,CD,CD,6.4,74.5,,10.1093/bioinformatics/btw361,27318206,dtaj6d,khan1784|potapov2156|capriotti1615|I-Mutant1948|I-Mutant2087|Saraboji1396|Saraboji1791|IPTREE-STAB|SVM1634|SVM1681|PopMuSiC|M47M8-2760|EASE-MM-1676|STRUM3421|ProTherm,MRSLLILVLCFLPLAALGKVFGRCELAAAMKRHGLDNYRGYSLGNWVCAAKFESNFNTQATNRNTDGSTDYGILQINSRWWCNDGRTPGSRNLCNIPCSALLSSDITASVNCAKKIVSDGNGMNAWVAWRNRCKGTDVQAWIRGCRL
PT001775,Lysozyme C,P00698,4LYZ,A,86,R,K,,-0.1,true,,,IPR000974|IPR001916|IPR019799|IPR023346|IPR030056,3,false,,false,E,116.39,false,false,6.15,Thermal,Thermal,CD,CD,6.4,73.9,,10.1093/bioinformatics/btw361,27318206,dtaj6d,khan1784|potapov2156|capriotti1615|I-Mutant1948|I-Mutant2087|Saraboji1396|Saraboji1791|IPTREE-STAB|SVM1634|SVM1681|PopMuSiC|M47M8-2760|EASE-MM-1676|STRUM3421|ProTherm,MRSLLILVLCFLPLAALGKVFGRCELAAAMKRHGLDNYRGYSLGNWVCAAKFESNFNTQATNRNTDGSTDYGILQINSRWWCNDGRTPGSRNLCNIPCSALLSSDITASVNCAKKIVSDGNGMNAWVAWRNRCKGTDVQAWIRGCRL
PT001776,Lysozyme C,P00698,4LYZ,A,91,R,K,,0.6,true,,,IPR000974|IPR001916|IPR019799|IPR023346|IPR030056,1,false,,false,E,152.64,false,false,3.12,Thermal,Thermal,CD,CD,6.4,74.6,,10.1093/bioinformatics/btw361,27318206,dtaj6d,khan1784|potapov2156|capriotti1615|I-Mutant1948|I-Mutant2087|Saraboji1396|Saraboji1791|IPTREE-STAB|SVM1634|SVM1681|PopMuSiC|M47M8-2760|EASE-MM-1676|STRUM3421|ProTherm,MRSLLILVLCFLPLAALGKVFGRCELAAAMKRHGLDNYRGYSLGNWVCAAKFESNFNTQATNRNTDGSTDYGILQINSRWWCNDGRTPGSRNLCNIPCSALLSSDITASVNCAKKIVSDGNGMNAWVAWRNRCKGTDVQAWIRGCRL
PT001777,Lysozyme C,P00698,4LYZ,A,95,N,H,,-1.0,true,,,IPR000974|IPR001916|IPR019799|IPR023346|IPR030056,4,false,,false,E,126.0,false,false,5.09,Thermal,Thermal,CD,CD,6.4,73.0,,10.1093/bioinformatics/btw361,27318206,dtaj6d,khan1784|potapov2156|capriotti1615|I-Mutant1948|I-Mutant2087|Saraboji1396|Saraboji1791|IPTREE-STAB|SVM1634|SVM1681|PopMuSiC|M47M8-2760|EASE-MM-1676|STRUM3421|ProTherm,MRSLLILVLCFLPLAALGKVFGRCELAAAMKRHGLDNYRGYSLGNWVCAAKFESNFNTQATNRNTDGSTDYGILQINSRWWCNDGRTPGSRNLCNIPCSALLSSDITASVNCAKKIVSDGNGMNAWVAWRNRCKGTDVQAWIRGCRL
PT001778,Lysozyme C,P00698,4LYZ,A,119,D,G,,1.2,true,,,IPR000974|IPR001916|IPR019799|IPR023346|IPR030056,3,false,,false,H,95.27,false,false,3.1,Thermal,Thermal,CD,CD,6.4,75.2,,10.1002/pro.5560041011,8535242,dtaj6d,ProTherm,MRSLLILVLCFLPLAALGKVFGRCELAAAMKRHGLDNYRGYSLGNWVCAAKFESNFNTQATNRNTDGSTDYGILQINSRWWCNDGRTPGSRNLCNIPCSALLSSDITASVNCAKKIVSDGNGMNAWVAWRNRCKGTDVQAWIRGCRL
PT001779,Lysozyme C,P00698,4LYZ,A,120,G,V,,-0.1,true,,,IPR000974|IPR001916|IPR019799|IPR023346|IPR030056,4,false,,false,H,61.29,false,false,5.41,Thermal,Thermal,CD,CD,6.4,73.9,,10.1002/pro.5560041011,8535242,dtaj6d,ProTherm,MRSLLILVLCFLPLAALGKVFGRCELAAAMKRHGLDNYRGYSLGNWVCAAKFESNFNTQATNRNTDGSTDYGILQINSRWWCNDGRTPGSRNLCNIPCSALLSSDITASVNCAKKIVSDGNGMNAWVAWRNRCKGTDVQAWIRGCRL
PT001780,Lysozyme C,P00698,4LYZ,A,120,G,R,,1.0,true,,,IPR000974|IPR001916|IPR019799|IPR023346|IPR030056,4,false,,false,H,61.29,false,false,5.41,Thermal,Thermal,CD,CD,6.4,75.0,,10.1002/pro.5560041011,8535242,dtaj6d,ProTherm,MRSLLILVLCFLPLAALGKVFGRCELAAAMKRHGLDNYRGYSLGNWVCAAKFESNFNTQATNRNTDGSTDYGILQINSRWWCNDGRTPGSRNLCNIPCSALLSSDITASVNCAKKIVSDGNGMNAWVAWRNRCKGTDVQAWIRGCRL
PT001781,Lysozyme C,P00698,4LYZ,A,132,R,H,,1.8,true,,,IPR000974|IPR001916|IPR019799|IPR023346|IPR030056,6,false,,false,H,135.28,false,false,6.36,Thermal,Thermal,CD,CD,6.4,75.8,,10.1093/bioinformatics/btw361,27318206,dtaj6d,khan1784|potapov2156|capriotti1615|I-Mutant1948|I-Mutant2087|Saraboji1396|Saraboji1791|IPTREE-STAB|SVM1634|SVM1681|PopMuSiC|M47M8-1810|M47M8-2760|EASE-MM-1676|STRUM3421|ProTherm,MRSLLILVLCFLPLAALGKVFGRCELAAAMKRHGLDNYRGYSLGNWVCAAKFESNFNTQATNRNTDGSTDYGILQINSRWWCNDGRTPGSRNLCNIPCSALLSSDITASVNCAKKIVSDGNGMNAWVAWRNRCKGTDVQAWIRGCRL
PT001782,Lysozyme C,P00698,4LYZ,A,139,Q,H,,-1.2,true,,,IPR000974|IPR001916|IPR019799|IPR023346|IPR030056,5,false,,false,G,112.98,false,false,3.84,Thermal,Thermal,CD,CD,6.4,72.8,,10.3390/ijms19041009,29597263,dtaj6d,khan1784|potapov2156|capriotti1615|PON-Tstab|I-Mutant1948|I-Mutant2087|Saraboji1396|Saraboji1791|IPTREE-STAB|SVM1634|SVM1681|PopMuSiC|M47M8-2760|EASE-MM-1676|STRUM3421|ProTherm,MRSLLILVLCFLPLAALGKVFGRCELAAAMKRHGLDNYRGYSLGNWVCAAKFESNFNTQATNRNTDGSTDYGILQINSRWWCNDGRTPGSRNLCNIPCSALLSSDITASVNCAKKIVSDGNGMNAWVAWRNRCKGTDVQAWIRGCRL
PT001783,Lysozyme C,P00698,4LYZ,A,49,A,V,,3.1,true,,,IPR000974|IPR001916|IPR019799|IPR023346|IPR030056,4,false,,false,H,0.13,true,false,7.31,Thermal,Thermal,CD,CD,6.4,77.1,,10.1002/pro.5560041011,8535242,dtaj6d,ProTherm,MRSLLILVLCFLPLAALGKVFGRCELAAAMKRHGLDNYRGYSLGNWVCAAKFESNFNTQATNRNTDGSTDYGILQINSRWWCNDGRTPGSRNLCNIPCSALLSSDITASVNCAKKIVSDGNGMNAWVAWRNRCKGTDVQAWIRGCRL
PT001784,Lysozyme C,P00698,4LYZ,A,49,A,I,,3.6,true,,,IPR000974|IPR001916|IPR019799|IPR023346|IPR030056,4,false,,false,H,0.13,true,false,7.31,Thermal,Thermal,CD,CD,6.4,77.6,,10.1002/pro.5560041011,8535242,dtaj6d,ProTherm,MRSLLILVLCFLPLAALGKVFGRCELAAAMKRHGLDNYRGYSLGNWVCAAKFESNFNTQATNRNTDGSTDYGILQINSRWWCNDGRTPGSRNLCNIPCSALLSSDITASVNCAKKIVSDGNGMNAWVAWRNRCKGTDVQAWIRGCRL
PT001785,Lysozyme C,P00698,4LYZ,A,49,A,L,,4.7,true,,,IPR000974|IPR001916|IPR019799|IPR023346|IPR030056,4,false,,true,H,0.13,true,false,7.31,Thermal,Thermal,CD,CD,6.4,78.7,,10.3390/ijms19041009,29597263,dtaj6d,khan1784|potapov2156|capriotti1615|PON-Tstab|I-Mutant1948|I-Mutant2087|Saraboji1396|Saraboji1791|IPTREE-STAB|SVM1634|SVM1681|PopMuSiC|M47M8-1810|M47M8-2760|EASE-MM-1676|STRUM3421|ProTherm,MRSLLILVLCFLPLAALGKVFGRCELAAAMKRHGLDNYRGYSLGNWVCAAKFESNFNTQATNRNTDGSTDYGILQINSRWWCNDGRTPGSRNLCNIPCSALLSSDITASVNCAKKIVSDGNGMNAWVAWRNRCKGTDVQAWIRGCRL
PT001786,Lysozyme C,P00698,4LYZ,A,119,D,S,,2.3,true,,,IPR000974|IPR001916|IPR019799|IPR023346|IPR030056,3,false,,false,H,95.27,false,false,3.1,Thermal,Thermal,CD,CD,6.4,76.3,,10.1002/pro.5560041011,8535242,dtaj6d,ProTherm,MRSLLILVLCFLPLAALGKVFGRCELAAAMKRHGLDNYRGYSLGNWVCAAKFESNFNTQATNRNTDGSTDYGILQINSRWWCNDGRTPGSRNLCNIPCSALLSSDITASVNCAKKIVSDGNGMNAWVAWRNRCKGTDVQAWIRGCRL
PT001787,Lysozyme C,P00698,4LYZ,A,119,D,A,,2.0,true,,,IPR000974|IPR001916|IPR019799|IPR023346|IPR030056,3,false,,false,H,95.27,false,false,3.1,Thermal,Thermal,CD,CD,6.4,76.0,,10.1002/pro.5560041011,8535242,dtaj6d,ProTherm,MRSLLILVLCFLPLAALGKVFGRCELAAAMKRHGLDNYRGYSLGNWVCAAKFESNFNTQATNRNTDGSTDYGILQINSRWWCNDGRTPGSRNLCNIPCSALLSSDITASVNCAKKIVSDGNGMNAWVAWRNRCKGTDVQAWIRGCRL
PT001788,Lysozyme C,P00698,4LYZ,A,119,D,F,,1.9,true,,,IPR000974|IPR001916|IPR019799|IPR023346|IPR030056,3,false,,false,H,95.27,false,false,3.1,Thermal,Thermal,CD,CD,6.4,75.9,,10.3390/ijms1704051,27070572,dtaj6d,khan1784|potapov2156|guerios625|capriotti1615|I-Mutant1948|I-Mutant2087|Saraboji1396|Saraboji1791|Saraboji2204|IPTREE-STAB|SVM1634|SVM1681|PopMuSiC|M47M8-1810|M47M8-2760|EASE-MM-1676|SAAFEC983|STRUM3421|ProTherm,MRSLLILVLCFLPLAALGKVFGRCELAAAMKRHGLDNYRGYSLGNWVCAAKFESNFNTQATNRNTDGSTDYGILQINSRWWCNDGRTPGSRNLCNIPCSALLSSDITASVNCAKKIVSDGNGMNAWVAWRNRCKGTDVQAWIRGCRL
PT001790,Lysozyme C,P00698,4LYZ,A,119,D,R,,0.7,true,,,IPR000974|IPR001916|IPR019799|IPR023346|IPR030056,3,false,,false,H,95.27,false,false,3.1,Thermal,Thermal,CD,CD,6.4,74.7,,10.1002/pro.5560041011,8535242,dtaj6d,ProTherm,MRSLLILVLCFLPLAALGKVFGRCELAAAMKRHGLDNYRGYSLGNWVCAAKFESNFNTQATNRNTDGSTDYGILQINSRWWCNDGRTPGSRNLCNIPCSALLSSDITASVNCAKKIVSDGNGMNAWVAWRNRCKGTDVQAWIRGCRL
PT001791,Lysozyme C,P00698,4LYZ,A,119,D,K,,0.5,true,,,IPR000974|IPR001916|IPR019799|IPR023346|IPR030056,3,false,,false,H,95.27,false,false,3.1,Thermal,Thermal,CD,CD,6.4,74.5,,10.1002/pro.5560041011,8535242,dtaj6d,ProTherm,MRSLLILVLCFLPLAALGKVFGRCELAAAMKRHGLDNYRGYSLGNWVCAAKFESNFNTQATNRNTDGSTDYGILQINSRWWCNDGRTPGSRNLCNIPCSALLSSDITASVNCAKKIVSDGNGMNAWVAWRNRCKGTDVQAWIRGCRL
PT001792,Lysozyme C,P00698,4LYZ,A,119,D,N,,0.1,true,,,IPR000974|IPR001916|IPR019799|IPR023346|IPR030056,3,false,,false,H,95.27,false,false,3.1,Thermal,Thermal,CD,CD,6.4,74.1,,10.1002/pro.5560041011,8535242,dtaj6d,ProTherm,MRSLLILVLCFLPLAALGKVFGRCELAAAMKRHGLDNYRGYSLGNWVCAAKFESNFNTQATNRNTDGSTDYGILQINSRWWCNDGRTPGSRNLCNIPCSALLSSDITASVNCAKKIVSDGNGMNAWVAWRNRCKGTDVQAWIRGCRL
PT001794,Lysozyme C,P00698,4LYZ,A,119,D,Q,,-0.2,true,,,IPR000974|IPR001916|IPR019799|IPR023346|IPR030056,3,false,,false,H,95.27,false,false,3.1,Thermal,Thermal,CD,CD,6.4,73.8,,10.1002/pro.5560041011,8535242,dtaj6d,ProTherm,MRSLLILVLCFLPLAALGKVFGRCELAAAMKRHGLDNYRGYSLGNWVCAAKFESNFNTQATNRNTDGSTDYGILQINSRWWCNDGRTPGSRNLCNIPCSALLSSDITASVNCAKKIVSDGNGMNAWVAWRNRCKGTDVQAWIRGCRL
PT001796,Lysozyme C,P00698,4LYZ,A,109,S,T,,2.6,true,,,IPR000974|IPR001916|IPR019799|IPR023346|IPR030056,6,false,,false,H,0.86,false,false,6.33,Thermal,Thermal,CD,CD,6.4,76.6,,10.1093/bioinformatics/btw361,27318206,dtaj6d,khan1784|potapov2156|guerios625|capriotti1615|I-Mutant1948|I-Mutant2087|Saraboji1396|Saraboji1791|IPTREE-STAB|SVM1634|SVM1681|PopMuSiC|M47M8-1810|M47M8-2760|EASE-MM-1676|STRUM3421|ProTherm,MRSLLILVLCFLPLAALGKVFGRCELAAAMKRHGLDNYRGYSLGNWVCAAKFESNFNTQATNRNTDGSTDYGILQINSRWWCNDGRTPGSRNLCNIPCSALLSSDITASVNCAKKIVSDGNGMNAWVAWRNRCKGTDVQAWIRGCRL
PT001799,Lysozyme C,P00698,4LYZ,A,109,S,V,,-0.2,true,,,IPR000974|IPR001916|IPR019799|IPR023346|IPR030056,6,false,,false,H,0.86,false,false,6.33,Thermal,Thermal,CD,CD,6.4,73.8,,10.1002/pro.5560041010,8535241,dtaj6d,ProTherm,MRSLLILVLCFLPLAALGKVFGRCELAAAMKRHGLDNYRGYSLGNWVCAAKFESNFNTQATNRNTDGSTDYGILQINSRWWCNDGRTPGSRNLCNIPCSALLSSDITASVNCAKKIVSDGNGMNAWVAWRNRCKGTDVQAWIRGCRL
PT001800,Lysozyme C,P00698,4LYZ,A,109,S,A,,-0.4,true,,,IPR000974|IPR001916|IPR019799|IPR023346|IPR030056,6,false,,false,H,0.86,false,false,6.33,Thermal,Thermal,CD,CD,6.4,73.6,,10.1002/pro.5560041010,8535241,dtaj6d,ProTherm,MRSLLILVLCFLPLAALGKVFGRCELAAAMKRHGLDNYRGYSLGNWVCAAKFESNFNTQATNRNTDGSTDYGILQINSRWWCNDGRTPGSRNLCNIPCSALLSSDITASVNCAKKIVSDGNGMNAWVAWRNRCKGTDVQAWIRGCRL
PT001801,Lysozyme C,P00698,4LYZ,A,58,T,S,,-0.7,true,,,IPR000974|IPR001916|IPR019799|IPR023346|IPR030056,6,false,,false,T,0.4,false,false,6.0,Thermal,Thermal,CD,CD,6.4,73.3,,10.1093/bioinformatics/btw361,27318206,dtaj6d,khan1784|potapov2156|capriotti1615|I-Mutant1948|I-Mutant2087|Saraboji1396|Saraboji1791|IPTREE-STAB|SVM1634|SVM1681|PopMuSiC|M47M8-1810|M47M8-2760|EASE-MM-1676|STRUM3421|ProTherm,MRSLLILVLCFLPLAALGKVFGRCELAAAMKRHGLDNYRGYSLGNWVCAAKFESNFNTQATNRNTDGSTDYGILQINSRWWCNDGRTPGSRNLCNIPCSALLSSDITASVNCAKKIVSDGNGMNAWVAWRNRCKGTDVQAWIRGCRL
PT001803,Lysozyme C,P00698,4LYZ,A,73,I,L,,-1.2,true,,,IPR000974|IPR001916|IPR019799|IPR023346|IPR030056,6,false,,false,G,2.69,false,false,6.29,Thermal,Thermal,CD,CD,6.4,72.8,,10.1002/pro.5560041010,8535241,dtaj6d,ProTherm,MRSLLILVLCFLPLAALGKVFGRCELAAAMKRHGLDNYRGYSLGNWVCAAKFESNFNTQATNRNTDGSTDYGILQINSRWWCNDGRTPGSRNLCNIPCSALLSSDITASVNCAKKIVSDGNGMNAWVAWRNRCKGTDVQAWIRGCRL
PT001806,Lysozyme C,P00698,4LYZ,A,73,I,V,,-2.4,true,,,IPR000974|IPR001916|IPR019799|IPR023346|IPR030056,6,false,,false,G,2.69,false,false,6.29,Thermal,Thermal,CD,CD,6.4,71.6,,10.1002/pro.5560041010,8535241,dtaj6d,ProTherm,MRSLLILVLCFLPLAALGKVFGRCELAAAMKRHGLDNYRGYSLGNWVCAAKFESNFNTQATNRNTDGSTDYGILQINSRWWCNDGRTPGSRNLCNIPCSALLSSDITASVNCAKKIVSDGNGMNAWVAWRNRCKGTDVQAWIRGCRL
PT001811,Lysozyme C,P00698,4LYZ,A,58,T,I,,-5.8,true,,,IPR000974|IPR001916|IPR019799|IPR023346|IPR030056,6,false,,false,T,0.4,false,false,6.0,Thermal,Thermal,CD,CD,6.4,68.2,,10.1002/pro.5560041010,8535241,dtaj6d,ProTherm,MRSLLILVLCFLPLAALGKVFGRCELAAAMKRHGLDNYRGYSLGNWVCAAKFESNFNTQATNRNTDGSTDYGILQINSRWWCNDGRTPGSRNLCNIPCSALLSSDITASVNCAKKIVSDGNGMNAWVAWRNRCKGTDVQAWIRGCRL
PT001812,Lysozyme C,P00698,4LYZ,A,73,I,M,,-6.0,true,,,IPR000974|IPR001916|IPR019799|IPR023346|IPR030056,6,false,,false,G,2.69,false,false,6.29,Thermal,Thermal,CD,CD,6.4,68.0,,10.1002/pro.5560041010,8535241,dtaj6d,ProTherm,MRSLLILVLCFLPLAALGKVFGRCELAAAMKRHGLDNYRGYSLGNWVCAAKFESNFNTQATNRNTDGSTDYGILQINSRWWCNDGRTPGSRNLCNIPCSALLSSDITASVNCAKKIVSDGNGMNAWVAWRNRCKGTDVQAWIRGCRL
PT001813,Lysozyme C,P00698,4LYZ,A,109,S,D,,-6.1,true,,,IPR000974|IPR001916|IPR019799|IPR023346|IPR030056,6,false,,false,H,0.86,false,false,6.33,Thermal,Thermal,CD,CD,6.4,67.9,,10.1002/pro.5560041010,8535241,dtaj6d,ProTherm,MRSLLILVLCFLPLAALGKVFGRCELAAAMKRHGLDNYRGYSLGNWVCAAKFESNFNTQATNRNTDGSTDYGILQINSRWWCNDGRTPGSRNLCNIPCSALLSSDITASVNCAKKIVSDGNGMNAWVAWRNRCKGTDVQAWIRGCRL
PT001814,Lysozyme C,P00698,4LYZ,A,73,I,F,,-6.5,true,,,IPR000974|IPR001916|IPR019799|IPR023346|IPR030056,6,false,,false,G,2.69,false,false,6.29,Thermal,Thermal,CD,CD,6.4,67.5,,10.1074/jbc.M117.784165,28710274,dtaj6d,khan1784|potapov2156|guerios625|capriotti1615|I-Mutant1948|I-Mutant2087|Saraboji1396|Saraboji1791|Saraboji2204|IPTREE-STAB|SVM1634|SVM1681|PopMuSiC|M47M8-1810|M47M8-2760|EASE-MM-1676|SAAFEC983|STRUM3421|Broom|ProTherm,MRSLLILVLCFLPLAALGKVFGRCELAAAMKRHGLDNYRGYSLGNWVCAAKFESNFNTQATNRNTDGSTDYGILQINSRWWCNDGRTPGSRNLCNIPCSALLSSDITASVNCAKKIVSDGNGMNAWVAWRNRCKGTDVQAWIRGCRL
PT001816,Lysozyme C,P00698,4LYZ,A,109,S,Y,,-8.1,true,,,IPR000974|IPR001916|IPR019799|IPR023346|IPR030056,6,false,,false,H,0.86,false,false,6.33,Thermal,Thermal,CD,CD,6.4,65.9,,10.1002/pro.5560041010,8535241,dtaj6d,ProTherm,MRSLLILVLCFLPLAALGKVFGRCELAAAMKRHGLDNYRGYSLGNWVCAAKFESNFNTQATNRNTDGSTDYGILQINSRWWCNDGRTPGSRNLCNIPCSALLSSDITASVNCAKKIVSDGNGMNAWVAWRNRCKGTDVQAWIRGCRL
PT001817,Lysozyme C,P00698,4LYZ,A,73,I,A,,-11.6,true,,,IPR000974|IPR001916|IPR019799|IPR023346|IPR030056,6,false,,false,G,2.69,false,false,6.29,Thermal,Thermal,CD,CD,6.4,62.4,,10.1002/pro.5560041010,8535241,dtaj6d,ProTherm,MRSLLILVLCFLPLAALGKVFGRCELAAAMKRHGLDNYRGYSLGNWVCAAKFESNFNTQATNRNTDGSTDYGILQINSRWWCNDGRTPGSRNLCNIPCSALLSSDITASVNCAKKIVSDGNGMNAWVAWRNRCKGTDVQAWIRGCRL
PT001818,Lysozyme C,P00698,4LYZ,A,73,I,T,,-13.1,true,,,IPR000974|IPR001916|IPR019799|IPR023346|IPR030056,6,false,,false,G,2.69,false,false,6.29,Thermal,Thermal,CD,CD,6.4,60.9,,10.1002/pro.5560041010,8535241,dtaj6d,ProTherm,MRSLLILVLCFLPLAALGKVFGRCELAAAMKRHGLDNYRGYSLGNWVCAAKFESNFNTQATNRNTDGSTDYGILQINSRWWCNDGRTPGSRNLCNIPCSALLSSDITASVNCAKKIVSDGNGMNAWVAWRNRCKGTDVQAWIRGCRL
PT001820,Lysozyme C,P00698,4LYZ,A,73,I,T,3.3,,true,,,IPR000974|IPR001916|IPR019799|IPR023346|IPR030056,6,false,,false,G,2.69,false,false,6.29,GdnHCl,GdnHCl,CD,CD,5.0,,,10.1002/pro.5560041010,8535241,dtaj6d,ProTherm,MRSLLILVLCFLPLAALGKVFGRCELAAAMKRHGLDNYRGYSLGNWVCAAKFESNFNTQATNRNTDGSTDYGILQINSRWWCNDGRTPGSRNLCNIPCSALLSSDITASVNCAKKIVSDGNGMNAWVAWRNRCKGTDVQAWIRGCRL
PT001822,Lysozyme C,P00698,4LYZ,A,126,W,Y,1.41,,true,,,IPR000974|IPR001916|IPR019799|IPR023346|IPR030056,8,false,,false,G,12.17,true,false,6.24,GdnHCl,GdnHCl,Fluorescence,Fluorescence,3.5,,,10.3390/ijms1704051,27070572,dtaj6d,Saraboji2204|PopMuSiC|SAAFEC983|STRUM3421|ProTherm,MRSLLILVLCFLPLAALGKVFGRCELAAAMKRHGLDNYRGYSLGNWVCAAKFESNFNTQATNRNTDGSTDYGILQINSRWWCNDGRTPGSRNLCNIPCSALLSSDITASVNCAKKIVSDGNGMNAWVAWRNRCKGTDVQAWIRGCRL
PT001823,Lysozyme C,P00698,4LYZ,A,126,W,Q,3.59,,true,,,IPR000974|IPR001916|IPR019799|IPR023346|IPR030056,8,false,,false,G,12.17,true,false,6.24,GdnHCl,GdnHCl,Fluorescence,Fluorescence,3.5,,,10.1021/bi00139a017,1610799,dtaj6d,ProTherm,MRSLLILVLCFLPLAALGKVFGRCELAAAMKRHGLDNYRGYSLGNWVCAAKFESNFNTQATNRNTDGSTDYGILQINSRWWCNDGRTPGSRNLCNIPCSALLSSDITASVNCAKKIVSDGNGMNAWVAWRNRCKGTDVQAWIRGCRL
PT001825,Lysozyme C,P00698,4LYZ,A,126,W,Y,1.42,,true,,,IPR000974|IPR001916|IPR019799|IPR023346|IPR030056,8,false,,false,G,12.17,true,false,6.24,GdnHCl,GdnHCl,Fluorescence,Fluorescence,4.0,,,10.1021/bi00139a017,1610799,dtaj6d,ProTherm,MRSLLILVLCFLPLAALGKVFGRCELAAAMKRHGLDNYRGYSLGNWVCAAKFESNFNTQATNRNTDGSTDYGILQINSRWWCNDGRTPGSRNLCNIPCSALLSSDITASVNCAKKIVSDGNGMNAWVAWRNRCKGTDVQAWIRGCRL
PT001826,Lysozyme C,P00698,4LYZ,A,126,W,Q,3.61,,true,,,IPR000974|IPR001916|IPR019799|IPR023346|IPR030056,8,false,,false,G,12.17,true,false,6.24,GdnHCl,GdnHCl,Fluorescence,Fluorescence,4.0,,,10.1021/bi00139a017,1610799,dtaj6d,ProTherm,MRSLLILVLCFLPLAALGKVFGRCELAAAMKRHGLDNYRGYSLGNWVCAAKFESNFNTQATNRNTDGSTDYGILQINSRWWCNDGRTPGSRNLCNIPCSALLSSDITASVNCAKKIVSDGNGMNAWVAWRNRCKGTDVQAWIRGCRL
PT001828,Lysozyme C,P00698,4LYZ,A,126,W,Y,1.36,,true,,,IPR000974|IPR001916|IPR019799|IPR023346|IPR030056,8,false,,false,G,12.17,true,false,6.24,GdnHCl,GdnHCl,Fluorescence,Fluorescence,4.5,,,10.1021/bi00139a017,1610799,dtaj6d,ProTherm,MRSLLILVLCFLPLAALGKVFGRCELAAAMKRHGLDNYRGYSLGNWVCAAKFESNFNTQATNRNTDGSTDYGILQINSRWWCNDGRTPGSRNLCNIPCSALLSSDITASVNCAKKIVSDGNGMNAWVAWRNRCKGTDVQAWIRGCRL
PT001829,Lysozyme C,P00698,4LYZ,A,126,W,Q,4.0,,true,,,IPR000974|IPR001916|IPR019799|IPR023346|IPR030056,8,false,,false,G,12.17,true,false,6.24,GdnHCl,GdnHCl,Fluorescence,Fluorescence,4.5,,,10.1021/bi00139a017,1610799,dtaj6d,ProTherm,MRSLLILVLCFLPLAALGKVFGRCELAAAMKRHGLDNYRGYSLGNWVCAAKFESNFNTQATNRNTDGSTDYGILQINSRWWCNDGRTPGSRNLCNIPCSALLSSDITASVNCAKKIVSDGNGMNAWVAWRNRCKGTDVQAWIRGCRL
PT001831,Lysozyme C,P00698,4LYZ,A,126,W,Y,1.27,,true,,,IPR000974|IPR001916|IPR019799|IPR023346|IPR030056,8,false,,false,G,12.17,true,false,6.24,GdnHCl,GdnHCl,Fluorescence,Fluorescence,5.0,,,10.1021/bi00139a017,1610799,dtaj6d,ProTherm,MRSLLILVLCFLPLAALGKVFGRCELAAAMKRHGLDNYRGYSLGNWVCAAKFESNFNTQATNRNTDGSTDYGILQINSRWWCNDGRTPGSRNLCNIPCSALLSSDITASVNCAKKIVSDGNGMNAWVAWRNRCKGTDVQAWIRGCRL
PT001832,Lysozyme C,P00698,4LYZ,A,126,W,Q,3.55,,true,,,IPR000974|IPR001916|IPR019799|IPR023346|IPR030056,8,false,,false,G,12.17,true,false,6.24,GdnHCl,GdnHCl,Fluorescence,Fluorescence,5.0,,,10.1021/bi00139a017,1610799,dtaj6d,ProTherm,MRSLLILVLCFLPLAALGKVFGRCELAAAMKRHGLDNYRGYSLGNWVCAAKFESNFNTQATNRNTDGSTDYGILQINSRWWCNDGRTPGSRNLCNIPCSALLSSDITASVNCAKKIVSDGNGMNAWVAWRNRCKGTDVQAWIRGCRL
PT001834,Lysozyme C,P00698,4LYZ,A,126,W,Y,1.31,,true,,,IPR000974|IPR001916|IPR019799|IPR023346|IPR030056,8,false,,false,G,12.17,true,false,6.24,GdnHCl,GdnHCl,Fluorescence,Fluorescence,5.5,,,10.1021/bi00139a017,1610799,dtaj6d,,MRSLLILVLCFLPLAALGKVFGRCELAAAMKRHGLDNYRGYSLGNWVCAAKFESNFNTQATNRNTDGSTDYGILQINSRWWCNDGRTPGSRNLCNIPCSALLSSDITASVNCAKKIVSDGNGMNAWVAWRNRCKGTDVQAWIRGCRL
PT001835,Lysozyme C,P00698,4LYZ,A,126,W,Q,3.44,,true,,,IPR000974|IPR001916|IPR019799|IPR023346|IPR030056,8,false,,false,G,12.17,true,false,6.24,GdnHCl,GdnHCl,Fluorescence,Fluorescence,5.5,,,10.1021/bi00139a017,1610799,dtaj6d,ProTherm,MRSLLILVLCFLPLAALGKVFGRCELAAAMKRHGLDNYRGYSLGNWVCAAKFESNFNTQATNRNTDGSTDYGILQINSRWWCNDGRTPGSRNLCNIPCSALLSSDITASVNCAKKIVSDGNGMNAWVAWRNRCKGTDVQAWIRGCRL
PT002473,Lysozyme C,P00698,4LYZ,A,136,T,P,2.0,,true,,,IPR000974|IPR001916|IPR019799|IPR023346|IPR030056,4,false,,false,G,77.06,false,false,6.92,GdnHCl,GdnHCl,Fluorescence,Fluorescence,5.5,,,10.3390/ijms1704051,27070572,dtaj6d,Saraboji2204|SAAFEC983|STRUM3421|ProTherm,MRSLLILVLCFLPLAALGKVFGRCELAAAMKRHGLDNYRGYSLGNWVCAAKFESNFNTQATNRNTDGSTDYGILQINSRWWCNDGRTPGSRNLCNIPCSALLSSDITASVNCAKKIVSDGNGMNAWVAWRNRCKGTDVQAWIRGCRL
PT010288,Lysozyme C,P00698,4LYZ,A,67,G,A,,-5.7,true,,,IPR000974|IPR001916|IPR019799|IPR023346|IPR030056,5,false,,false,E,20.92,false,false,5.16,Thermal,Thermal,DSC,DSC,2.7,59.9,,10.1093/protein/13.10.691,11112507,dtaj6d,ProTherm,MRSLLILVLCFLPLAALGKVFGRCELAAAMKRHGLDNYRGYSLGNWVCAAKFESNFNTQATNRNTDGSTDYGILQINSRWWCNDGRTPGSRNLCNIPCSALLSSDITASVNCAKKIVSDGNGMNAWVAWRNRCKGTDVQAWIRGCRL
PT010289,Lysozyme C,P00698,4LYZ,A,85,G,A,,-2.9,true,,,IPR000974|IPR001916|IPR019799|IPR023346|IPR030056,4,false,,false,E,72.11,false,false,6.06,Thermal,Thermal,DSC,DSC,2.7,62.7,,10.3390/ijms19041009,29597263,dtaj6d,khan1784|potapov2156|PON-Tstab|I-Mutant1948|I-Mutant2087|Saraboji1791|Saraboji2204|IPTREE-STAB|SVM1634|SVM1681|PopMuSiC|M47M8-1810|M47M8-2760|SAAFEC983|STRUM3421|ProTherm,MRSLLILVLCFLPLAALGKVFGRCELAAAMKRHGLDNYRGYSLGNWVCAAKFESNFNTQATNRNTDGSTDYGILQINSRWWCNDGRTPGSRNLCNIPCSALLSSDITASVNCAKKIVSDGNGMNAWVAWRNRCKGTDVQAWIRGCRL
PT010290,Lysozyme C,P00698,4LYZ,A,89,G,A,,-1.2,true,,,IPR000974|IPR001916|IPR019799|IPR023346|IPR030056,3,false,,false,G,33.61,false,false,4.03,Thermal,Thermal,DSC,DSC,2.7,64.4,,10.1093/bioinformatics/btw361,27318206,dtaj6d,khan1784|potapov2156|I-Mutant1948|I-Mutant2087|Saraboji1791|IPTREE-STAB|SVM1634|SVM1681|PopMuSiC|M47M8-2760|STRUM3421|ProTherm,MRSLLILVLCFLPLAALGKVFGRCELAAAMKRHGLDNYRGYSLGNWVCAAKFESNFNTQATNRNTDGSTDYGILQINSRWWCNDGRTPGSRNLCNIPCSALLSSDITASVNCAKKIVSDGNGMNAWVAWRNRCKGTDVQAWIRGCRL
PT010292,Lysozyme C,P00698,4LYZ,A,135,G,A,,-4.6,true,,,IPR000974|IPR001916|IPR019799|IPR023346|IPR030056,6,false,,false,G,81.5,false,false,5.25,Thermal,Thermal,DSC,DSC,2.7,61.0,,10.1093/bioinformatics/btw361,27318206,dtaj6d,khan1784|potapov2156|I-Mutant1948|I-Mutant2087|Saraboji1791|IPTREE-STAB|SVM1634|SVM1681|PopMuSiC|M47M8-1810|M47M8-2760|EASE-MM-1676|STRUM3421|ProTherm,MRSLLILVLCFLPLAALGKVFGRCELAAAMKRHGLDNYRGYSLGNWVCAAKFESNFNTQATNRNTDGSTDYGILQINSRWWCNDGRTPGSRNLCNIPCSALLSSDITASVNCAKKIVSDGNGMNAWVAWRNRCKGTDVQAWIRGCRL
PT010863,Lysozyme C,P00698,4LYZ,A,30,M,L,,-1.8,true,,,IPR000974|IPR001916|IPR019799|IPR023346|IPR030056,6,false,,false,H,2.0,false,false,7.43,Thermal,Thermal,DSC,DSC,2.7,64.2,,10.1110/ps.37401,11266617,dtaj6d,ProTherm,MRSLLILVLCFLPLAALGKVFGRCELAAAMKRHGLDNYRGYSLGNWVCAAKFESNFNTQATNRNTDGSTDYGILQINSRWWCNDGRTPGSRNLCNIPCSALLSSDITASVNCAKKIVSDGNGMNAWVAWRNRCKGTDVQAWIRGCRL
PT010864,Lysozyme C,P00698,4LYZ,A,30,M,F,,0.8,true,,,IPR000974|IPR001916|IPR019799|IPR023346|IPR030056,6,false,,false,H,2.0,false,false,7.43,Thermal,Thermal,DSC,DSC,2.7,66.8,,10.1093/bioinformatics/btw361,27318206,dtaj6d,khan1784|potapov2156|I-Mutant1948|I-Mutant2087|Saraboji1791|IPTREE-STAB|SVM499|PopMuSiC|M47M8-1810|M47M8-2760|EASE-MM-1676|STRUM3421|ProTherm,MRSLLILVLCFLPLAALGKVFGRCELAAAMKRHGLDNYRGYSLGNWVCAAKFESNFNTQATNRNTDGSTDYGILQINSRWWCNDGRTPGSRNLCNIPCSALLSSDITASVNCAKKIVSDGNGMNAWVAWRNRCKGTDVQAWIRGCRL
PT011239,Lysozyme C,P00698,4LYZ,A,31,K,D,6.69,,true,,,IPR000974|IPR001916|IPR019799|IPR023346|IPR030056,3,false,,false,H,75.98,false,false,6.44,Thermal,Thermal,CD,CD,9.5,,,10.1093/bioinformatics/btw361,27318206,dtaj6d,khan1784|potapov2156|capriotti1615|I-Mutant1948|I-Mutant2087|Saraboji1396|IPTREE-STAB|SVM499|M47M8-1810|M47M8-2760|EASE-MM-1676|STRUM3421|ProTherm,MRSLLILVLCFLPLAALGKVFGRCELAAAMKRHGLDNYRGYSLGNWVCAAKFESNFNTQATNRNTDGSTDYGILQINSRWWCNDGRTPGSRNLCNIPCSALLSSDITASVNCAKKIVSDGNGMNAWVAWRNRCKGTDVQAWIRGCRL
PT011240,Lysozyme C,P00698,4LYZ,A,67,G,N,0.96,,true,,,IPR000974|IPR001916|IPR019799|IPR023346|IPR030056,5,false,,false,E,20.92,false,false,5.16,Thermal,Thermal,CD,CD,9.5,,,10.3390/ijms1704051,27070572,dtaj6d,khan1784|potapov2156|capriotti1615|I-Mutant1948|I-Mutant2087|Saraboji1396|Saraboji1791|Saraboji2204|IPTREE-STAB|SVM1634|SVM1681|PopMuSiC|M47M8-1810|M47M8-2760|EASE-MM-1676|SAAFEC983|STRUM3421|ProTherm,MRSLLILVLCFLPLAALGKVFGRCELAAAMKRHGLDNYRGYSLGNWVCAAKFESNFNTQATNRNTDGSTDYGILQINSRWWCNDGRTPGSRNLCNIPCSALLSSDITASVNCAKKIVSDGNGMNAWVAWRNRCKGTDVQAWIRGCRL
PT011241,Lysozyme C,P00698,4LYZ,A,88,P,N,2.15,,true,,,IPR000974|IPR001916|IPR019799|IPR023346|IPR030056,5,false,,false,G,124.59,false,false,4.79,Thermal,Thermal,CD,CD,9.5,,,10.1093/bioinformatics/btw361,27318206,dtaj6d,khan1784|potapov2156|capriotti1615|I-Mutant1948|I-Mutant2087|Saraboji1396|IPTREE-STAB|SVM499|M47M8-1810|M47M8-2760|EASE-MM-1676|STRUM3421|ProTherm,MRSLLILVLCFLPLAALGKVFGRCELAAAMKRHGLDNYRGYSLGNWVCAAKFESNFNTQATNRNTDGSTDYGILQINSRWWCNDGRTPGSRNLCNIPCSALLSSDITASVNCAKKIVSDGNGMNAWVAWRNRCKGTDVQAWIRGCRL
PT011242,Lysozyme C,P00698,4LYZ,A,112,C,A,4.78,,true,,,IPR000974|IPR001916|IPR019799|IPR023346|IPR030056,8,false,,false,H,3.09,false,false,8.3,Thermal,Thermal,CD,CD,9.5,,,10.1093/bioinformatics/btw361,27318206,dtaj6d,khan1784|potapov2156|capriotti1615|I-Mutant1948|I-Mutant2087|Saraboji1396|IPTREE-STAB|SVM499|PopMuSiC|M47M8-1810|M47M8-2760|EASE-MM-1676|STRUM3421|ProTherm,MRSLLILVLCFLPLAALGKVFGRCELAAAMKRHGLDNYRGYSLGNWVCAAKFESNFNTQATNRNTDGSTDYGILQINSRWWCNDGRTPGSRNLCNIPCSALLSSDITASVNCAKKIVSDGNGMNAWVAWRNRCKGTDVQAWIRGCRL
PT011243,Lysozyme C,P00698,4LYZ,A,121,N,D,-0.24,,true,,,IPR000974|IPR001916|IPR019799|IPR023346|IPR030056,5,false,,false,S,100.74,false,false,4.96,Thermal,Thermal,CD,CD,9.5,,,10.1093/bioinformatics/btw361,27318206,dtaj6d,khan1784|potapov2156|capriotti1615|I-Mutant1948|I-Mutant2087|Saraboji1396|IPTREE-STAB|SVM499|PopMuSiC|M47M8-2760|EASE-MM-1676|STRUM3421|ProTherm,MRSLLILVLCFLPLAALGKVFGRCELAAAMKRHGLDNYRGYSLGNWVCAAKFESNFNTQATNRNTDGSTDYGILQINSRWWCNDGRTPGSRNLCNIPCSALLSSDITASVNCAKKIVSDGNGMNAWVAWRNRCKGTDVQAWIRGCRL
PT011244,Lysozyme C,P00698,4LYZ,A,123,M,T,0.24,,true,,,IPR000974|IPR001916|IPR019799|IPR023346|IPR030056,6,false,,false,G,0.0,true,false,7.54,Thermal,Thermal,CD,CD,9.5,,,10.1093/bioinformatics/btw361,27318206,dtaj6d,khan1784|potapov2156|capriotti1615|I-Mutant1948|I-Mutant2087|Saraboji1396|IPTREE-STAB|SVM499|PopMuSiC|M47M8-2760|EASE-MM-1676|STRUM3421|ProTherm,MRSLLILVLCFLPLAALGKVFGRCELAAAMKRHGLDNYRGYSLGNWVCAAKFESNFNTQATNRNTDGSTDYGILQINSRWWCNDGRTPGSRNLCNIPCSALLSSDITASVNCAKKIVSDGNGMNAWVAWRNRCKGTDVQAWIRGCRL
PT011246,Lysozyme C,P00698,4LYZ,A,67,G,A,-1.92,,true,,,IPR000974|IPR001916|IPR019799|IPR023346|IPR030056,5,false,,false,E,20.92,false,false,5.16,GdnHCl,GdnHCl,Fluorescence,Fluorescence,5.5,,,10.1093/protein/8.10.1023,8771183,dtaj6d,ProTherm,MRSLLILVLCFLPLAALGKVFGRCELAAAMKRHGLDNYRGYSLGNWVCAAKFESNFNTQATNRNTDGSTDYGILQINSRWWCNDGRTPGSRNLCNIPCSALLSSDITASVNCAKKIVSDGNGMNAWVAWRNRCKGTDVQAWIRGCRL
PT011247,Lysozyme C,P00698,4LYZ,A,85,G,A,-1.27,,true,,,IPR000974|IPR001916|IPR019799|IPR023346|IPR030056,4,false,,false,E,72.11,false,false,6.06,GdnHCl,GdnHCl,Fluorescence,Fluorescence,5.5,,,10.1093/protein/8.10.1023,8771183,dtaj6d,ProTherm,MRSLLILVLCFLPLAALGKVFGRCELAAAMKRHGLDNYRGYSLGNWVCAAKFESNFNTQATNRNTDGSTDYGILQINSRWWCNDGRTPGSRNLCNIPCSALLSSDITASVNCAKKIVSDGNGMNAWVAWRNRCKGTDVQAWIRGCRL
PT011607,Lysozyme C,P00698,4LYZ,A,76,I,M,1.18,,true,,,IPR000974|IPR001916|IPR019799|IPR023346|IPR030056,6,false,,false,I,3.76,false,false,6.0,GdnHCl,GdnHCl,Fluorescence,Fluorescence,5.5,,,10.3390/ijms1704051,27070572,dtaj6d,PopMuSiC|SAAFEC983|ProTherm,MRSLLILVLCFLPLAALGKVFGRCELAAAMKRHGLDNYRGYSLGNWVCAAKFESNFNTQATNRNTDGSTDYGILQINSRWWCNDGRTPGSRNLCNIPCSALLSSDITASVNCAKKIVSDGNGMNAWVAWRNRCKGTDVQAWIRGCRL
PT011608,Lysozyme C,P00698,4LYZ,A,96,I,M,0.9,,true,,,IPR000974|IPR001916|IPR019799|IPR023346|IPR030056,5,false,,false,E,52.53,false,false,5.06,GdnHCl,GdnHCl,Fluorescence,Fluorescence,5.5,,,10.3390/ijms1704051,27070572,dtaj6d,PopMuSiC|SAAFEC983|ProTherm,MRSLLILVLCFLPLAALGKVFGRCELAAAMKRHGLDNYRGYSLGNWVCAAKFESNFNTQATNRNTDGSTDYGILQINSRWWCNDGRTPGSRNLCNIPCSALLSSDITASVNCAKKIVSDGNGMNAWVAWRNRCKGTDVQAWIRGCRL
PT011609,Lysozyme C,P00698,4LYZ,A,116,I,M,0.9,,true,,,IPR000974|IPR001916|IPR019799|IPR023346|IPR030056,6,false,,false,H,9.75,false,false,6.63,GdnHCl,GdnHCl,Fluorescence,Fluorescence,5.5,,,10.3390/ijms1704051,27070572,dtaj6d,PopMuSiC|SAAFEC983|ProTherm,MRSLLILVLCFLPLAALGKVFGRCELAAAMKRHGLDNYRGYSLGNWVCAAKFESNFNTQATNRNTDGSTDYGILQINSRWWCNDGRTPGSRNLCNIPCSALLSSDITASVNCAKKIVSDGNGMNAWVAWRNRCKGTDVQAWIRGCRL
PT013865,Lysozyme C,P00698,4LYZ,A,21,F,Y,0.45,,true,,,IPR000974|IPR001916|IPR019799|IPR023346|IPR030056,6,false,,false,L,18.54,false,false,6.46,Thermal,Thermal,CD,CD,6.4,,,10.1002/pro.5560041011,8535242,dtaj6d,ProTherm,MRSLLILVLCFLPLAALGKVFGRCELAAAMKRHGLDNYRGYSLGNWVCAAKFESNFNTQATNRNTDGSTDYGILQINSRWWCNDGRTPGSRNLCNIPCSALLSSDITASVNCAKKIVSDGNGMNAWVAWRNRCKGTDVQAWIRGCRL
PT013866,Lysozyme C,P00698,4LYZ,A,33,H,L,-0.76,,true,,,IPR000974|IPR001916|IPR019799|IPR023346|IPR030056,1,false,,false,G,44.6,false,false,5.3,Thermal,Thermal,CD,CD,6.4,,,10.1093/nar/gkx285,28449074,dtaj6d,FireProt|ProTherm,MRSLLILVLCFLPLAALGKVFGRCELAAAMKRHGLDNYRGYSLGNWVCAAKFESNFNTQATNRNTDGSTDYGILQINSRWWCNDGRTPGSRNLCNIPCSALLSSDITASVNCAKKIVSDGNGMNAWVAWRNRCKGTDVQAWIRGCRL
PT013867,Lysozyme C,P00698,4LYZ,A,37,N,K,1.06,,true,,,IPR000974|IPR001916|IPR019799|IPR023346|IPR030056,5,false,,false,G,96.7,false,false,4.4,Thermal,Thermal,CD,CD,6.4,,,10.1093/nar/gkx285,28449074,dtaj6d,FireProt|ProTherm,MRSLLILVLCFLPLAALGKVFGRCELAAAMKRHGLDNYRGYSLGNWVCAAKFESNFNTQATNRNTDGSTDYGILQINSRWWCNDGRTPGSRNLCNIPCSALLSSDITASVNCAKKIVSDGNGMNAWVAWRNRCKGTDVQAWIRGCRL
PT013868,Lysozyme C,P00698,4LYZ,A,39,R,Q,0.15,,true,,,IPR000974|IPR001916|IPR019799|IPR023346|IPR030056,4,false,,false,G,149.66,false,false,5.3,Thermal,Thermal,CD,CD,6.4,,,10.1002/pro.5560041011,8535242,dtaj6d,ProTherm,MRSLLILVLCFLPLAALGKVFGRCELAAAMKRHGLDNYRGYSLGNWVCAAKFESNFNTQATNRNTDGSTDYGILQINSRWWCNDGRTPGSRNLCNIPCSALLSSDITASVNCAKKIVSDGNGMNAWVAWRNRCKGTDVQAWIRGCRL
PT013869,Lysozyme C,P00698,4LYZ,A,52,F,Y,-0.19,,true,,,IPR000974|IPR001916|IPR019799|IPR023346|IPR030056,5,false,,false,H,72.39,false,false,5.93,Thermal,Thermal,CD,CD,6.4,,,10.1002/pro.5560041011,8535242,dtaj6d,ProTherm,MRSLLILVLCFLPLAALGKVFGRCELAAAMKRHGLDNYRGYSLGNWVCAAKFESNFNTQATNRNTDGSTDYGILQINSRWWCNDGRTPGSRNLCNIPCSALLSSDITASVNCAKKIVSDGNGMNAWVAWRNRCKGTDVQAWIRGCRL
PT013870,Lysozyme C,P00698,4LYZ,A,86,R,K,0.04,,true,,,IPR000974|IPR001916|IPR019799|IPR023346|IPR030056,3,false,,false,E,116.39,false,false,6.15,Thermal,Thermal,CD,CD,6.4,,,10.1002/pro.5560041011,8535242,dtaj6d,ProTherm,MRSLLILVLCFLPLAALGKVFGRCELAAAMKRHGLDNYRGYSLGNWVCAAKFESNFNTQATNRNTDGSTDYGILQINSRWWCNDGRTPGSRNLCNIPCSALLSSDITASVNCAKKIVSDGNGMNAWVAWRNRCKGTDVQAWIRGCRL
PT013871,Lysozyme C,P00698,4LYZ,A,91,R,K,-0.23,,true,,,IPR000974|IPR001916|IPR019799|IPR023346|IPR030056,1,false,,false,E,152.64,false,false,3.12,Thermal,Thermal,CD,CD,6.4,,,10.1002/pro.5560041011,8535242,dtaj6d,ProTherm,MRSLLILVLCFLPLAALGKVFGRCELAAAMKRHGLDNYRGYSLGNWVCAAKFESNFNTQATNRNTDGSTDYGILQINSRWWCNDGRTPGSRNLCNIPCSALLSSDITASVNCAKKIVSDGNGMNAWVAWRNRCKGTDVQAWIRGCRL
PT013872,Lysozyme C,P00698,4LYZ,A,95,N,H,0.38,,true,,,IPR000974|IPR001916|IPR019799|IPR023346|IPR030056,4,false,,false,E,126.0,false,false,5.09,Thermal,Thermal,CD,CD,6.4,,,10.1002/pro.5560041011,8535242,dtaj6d,ProTherm,MRSLLILVLCFLPLAALGKVFGRCELAAAMKRHGLDNYRGYSLGNWVCAAKFESNFNTQATNRNTDGSTDYGILQINSRWWCNDGRTPGSRNLCNIPCSALLSSDITASVNCAKKIVSDGNGMNAWVAWRNRCKGTDVQAWIRGCRL
PT013873,Lysozyme C,P00698,4LYZ,A,119,D,G,-0.45,,true,,,IPR000974|IPR001916|IPR019799|IPR023346|IPR030056,3,false,,false,H,95.27,false,false,3.1,Thermal,Thermal,CD,CD,6.4,,,10.1002/pro.5560041011,8535242,dtaj6d,ProTherm,MRSLLILVLCFLPLAALGKVFGRCELAAAMKRHGLDNYRGYSLGNWVCAAKFESNFNTQATNRNTDGSTDYGILQINSRWWCNDGRTPGSRNLCNIPCSALLSSDITASVNCAKKIVSDGNGMNAWVAWRNRCKGTDVQAWIRGCRL
PT013874,Lysozyme C,P00698,4LYZ,A,120,G,V,0.04,,true,,,IPR000974|IPR001916|IPR019799|IPR023346|IPR030056,4,false,,false,H,61.29,false,false,5.41,Thermal,Thermal,CD,CD,6.4,,,10.1002/pro.5560041011,8535242,dtaj6d,ProTherm,MRSLLILVLCFLPLAALGKVFGRCELAAAMKRHGLDNYRGYSLGNWVCAAKFESNFNTQATNRNTDGSTDYGILQINSRWWCNDGRTPGSRNLCNIPCSALLSSDITASVNCAKKIVSDGNGMNAWVAWRNRCKGTDVQAWIRGCRL
PT013875,Lysozyme C,P00698,4LYZ,A,120,G,R,-0.38,,true,,,IPR000974|IPR001916|IPR019799|IPR023346|IPR030056,4,false,,false,H,61.29,false,false,5.41,Thermal,Thermal,CD,CD,6.4,,,10.1002/pro.5560041011,8535242,dtaj6d,ProTherm,MRSLLILVLCFLPLAALGKVFGRCELAAAMKRHGLDNYRGYSLGNWVCAAKFESNFNTQATNRNTDGSTDYGILQINSRWWCNDGRTPGSRNLCNIPCSALLSSDITASVNCAKKIVSDGNGMNAWVAWRNRCKGTDVQAWIRGCRL
PT013876,Lysozyme C,P00698,4LYZ,A,132,R,H,-0.68,,true,,,IPR000974|IPR001916|IPR019799|IPR023346|IPR030056,6,false,,false,H,135.28,false,false,6.36,Thermal,Thermal,CD,CD,6.4,,,10.1093/nar/gkx285,28449074,dtaj6d,FireProt|ProTherm,MRSLLILVLCFLPLAALGKVFGRCELAAAMKRHGLDNYRGYSLGNWVCAAKFESNFNTQATNRNTDGSTDYGILQINSRWWCNDGRTPGSRNLCNIPCSALLSSDITASVNCAKKIVSDGNGMNAWVAWRNRCKGTDVQAWIRGCRL
PT013877,Lysozyme C,P00698,4LYZ,A,139,Q,H,0.45,,true,,,IPR000974|IPR001916|IPR019799|IPR023346|IPR030056,5,false,,false,G,112.98,false,false,3.84,Thermal,Thermal,CD,CD,6.4,,,10.1002/pro.5560041011,8535242,dtaj6d,ProTherm,MRSLLILVLCFLPLAALGKVFGRCELAAAMKRHGLDNYRGYSLGNWVCAAKFESNFNTQATNRNTDGSTDYGILQINSRWWCNDGRTPGSRNLCNIPCSALLSSDITASVNCAKKIVSDGNGMNAWVAWRNRCKGTDVQAWIRGCRL
PT013878,Lysozyme C,P00698,4LYZ,A,49,A,V,-1.2,,true,,,IPR000974|IPR001916|IPR019799|IPR023346|IPR030056,4,false,,false,H,0.13,true,false,7.31,Thermal,Thermal,CD,CD,6.4,,,10.1093/nar/gkx285,28449074,dtaj6d,FireProt|ProTherm,MRSLLILVLCFLPLAALGKVFGRCELAAAMKRHGLDNYRGYSLGNWVCAAKFESNFNTQATNRNTDGSTDYGILQINSRWWCNDGRTPGSRNLCNIPCSALLSSDITASVNCAKKIVSDGNGMNAWVAWRNRCKGTDVQAWIRGCRL
PT013879,Lysozyme C,P00698,4LYZ,A,49,A,I,-1.4,,true,,,IPR000974|IPR001916|IPR019799|IPR023346|IPR030056,4,false,,false,H,0.13,true,false,7.31,Thermal,Thermal,CD,CD,6.4,,,10.1093/nar/gkx285,28449074,dtaj6d,FireProt|ProTherm,MRSLLILVLCFLPLAALGKVFGRCELAAAMKRHGLDNYRGYSLGNWVCAAKFESNFNTQATNRNTDGSTDYGILQINSRWWCNDGRTPGSRNLCNIPCSALLSSDITASVNCAKKIVSDGNGMNAWVAWRNRCKGTDVQAWIRGCRL
PT013880,Lysozyme C,P00698,4LYZ,A,49,A,L,-1.8,,true,,,IPR000974|IPR001916|IPR019799|IPR023346|IPR030056,4,false,,true,H,0.13,true,false,7.31,Thermal,Thermal,CD,CD,6.4,,,10.1093/nar/gkx285,28449074,dtaj6d,FireProt|ProTherm,MRSLLILVLCFLPLAALGKVFGRCELAAAMKRHGLDNYRGYSLGNWVCAAKFESNFNTQATNRNTDGSTDYGILQINSRWWCNDGRTPGSRNLCNIPCSALLSSDITASVNCAKKIVSDGNGMNAWVAWRNRCKGTDVQAWIRGCRL
PT013881,Lysozyme C,P00698,4LYZ,A,119,D,S,-0.87,,true,,,IPR000974|IPR001916|IPR019799|IPR023346|IPR030056,3,false,,false,H,95.27,false,false,3.1,Thermal,Thermal,CD,CD,6.4,,,10.1093/nar/gkx285,28449074,dtaj6d,FireProt|ProTherm,MRSLLILVLCFLPLAALGKVFGRCELAAAMKRHGLDNYRGYSLGNWVCAAKFESNFNTQATNRNTDGSTDYGILQINSRWWCNDGRTPGSRNLCNIPCSALLSSDITASVNCAKKIVSDGNGMNAWVAWRNRCKGTDVQAWIRGCRL
PT013882,Lysozyme C,P00698,4LYZ,A,119,D,A,-0.76,,true,,,IPR000974|IPR001916|IPR019799|IPR023346|IPR030056,3,false,,false,H,95.27,false,false,3.1,Thermal,Thermal,CD,CD,6.4,,,10.1093/nar/gkx285,28449074,dtaj6d,FireProt|ProTherm,MRSLLILVLCFLPLAALGKVFGRCELAAAMKRHGLDNYRGYSLGNWVCAAKFESNFNTQATNRNTDGSTDYGILQINSRWWCNDGRTPGSRNLCNIPCSALLSSDITASVNCAKKIVSDGNGMNAWVAWRNRCKGTDVQAWIRGCRL
PT013883,Lysozyme C,P00698,4LYZ,A,119,D,F,-0.72,,true,,,IPR000974|IPR001916|IPR019799|IPR023346|IPR030056,3,false,,false,H,95.27,false,false,3.1,Thermal,Thermal,CD,CD,6.4,,,10.1093/nar/gkx285,28449074,dtaj6d,FireProt|ProTherm,MRSLLILVLCFLPLAALGKVFGRCELAAAMKRHGLDNYRGYSLGNWVCAAKFESNFNTQATNRNTDGSTDYGILQINSRWWCNDGRTPGSRNLCNIPCSALLSSDITASVNCAKKIVSDGNGMNAWVAWRNRCKGTDVQAWIRGCRL
PT013884,Lysozyme C,P00698,4LYZ,A,119,D,G,-0.45,,true,,,IPR000974|IPR001916|IPR019799|IPR023346|IPR030056,3,false,,false,H,95.27,false,false,3.1,Thermal,Thermal,CD,CD,6.4,,,10.1002/pro.5560041011,8535242,dtaj6d,ProTherm,MRSLLILVLCFLPLAALGKVFGRCELAAAMKRHGLDNYRGYSLGNWVCAAKFESNFNTQATNRNTDGSTDYGILQINSRWWCNDGRTPGSRNLCNIPCSALLSSDITASVNCAKKIVSDGNGMNAWVAWRNRCKGTDVQAWIRGCRL
PT013885,Lysozyme C,P00698,4LYZ,A,119,D,R,-0.27,,true,,,IPR000974|IPR001916|IPR019799|IPR023346|IPR030056,3,false,,false,H,95.27,false,false,3.1,Thermal,Thermal,CD,CD,6.4,,,10.1002/pro.5560041011,8535242,dtaj6d,ProTherm,MRSLLILVLCFLPLAALGKVFGRCELAAAMKRHGLDNYRGYSLGNWVCAAKFESNFNTQATNRNTDGSTDYGILQINSRWWCNDGRTPGSRNLCNIPCSALLSSDITASVNCAKKIVSDGNGMNAWVAWRNRCKGTDVQAWIRGCRL
PT013886,Lysozyme C,P00698,4LYZ,A,119,D,K,-0.19,,true,,,IPR000974|IPR001916|IPR019799|IPR023346|IPR030056,3,false,,false,H,95.27,false,false,3.1,Thermal,Thermal,CD,CD,6.4,,,10.1002/pro.5560041011,8535242,dtaj6d,ProTherm,MRSLLILVLCFLPLAALGKVFGRCELAAAMKRHGLDNYRGYSLGNWVCAAKFESNFNTQATNRNTDGSTDYGILQINSRWWCNDGRTPGSRNLCNIPCSALLSSDITASVNCAKKIVSDGNGMNAWVAWRNRCKGTDVQAWIRGCRL
PT013887,Lysozyme C,P00698,4LYZ,A,119,D,N,-0.04,,true,,,IPR000974|IPR001916|IPR019799|IPR023346|IPR030056,3,false,,false,H,95.27,false,false,3.1,Thermal,Thermal,CD,CD,6.4,,,10.1002/pro.5560041011,8535242,dtaj6d,ProTherm,MRSLLILVLCFLPLAALGKVFGRCELAAAMKRHGLDNYRGYSLGNWVCAAKFESNFNTQATNRNTDGSTDYGILQINSRWWCNDGRTPGSRNLCNIPCSALLSSDITASVNCAKKIVSDGNGMNAWVAWRNRCKGTDVQAWIRGCRL
PT013889,Lysozyme C,P00698,4LYZ,A,119,D,Q,0.08,,true,,,IPR000974|IPR001916|IPR019799|IPR023346|IPR030056,3,false,,false,H,95.27,false,false,3.1,Thermal,Thermal,CD,CD,6.4,,,10.1002/pro.5560041011,8535242,dtaj6d,ProTherm,MRSLLILVLCFLPLAALGKVFGRCELAAAMKRHGLDNYRGYSLGNWVCAAKFESNFNTQATNRNTDGSTDYGILQINSRWWCNDGRTPGSRNLCNIPCSALLSSDITASVNCAKKIVSDGNGMNAWVAWRNRCKGTDVQAWIRGCRL
PT013891,Lysozyme C,P00698,4LYZ,A,109,S,T,-0.99,,true,,,IPR000974|IPR001916|IPR019799|IPR023346|IPR030056,6,false,,false,H,0.86,false,false,6.33,Thermal,Thermal,CD,CD,6.4,,ddG=dTm*dS where dS(e.u.)= 379,10.1002/pro.5560041010,8535241,dtaj6d,ProTherm,MRSLLILVLCFLPLAALGKVFGRCELAAAMKRHGLDNYRGYSLGNWVCAAKFESNFNTQATNRNTDGSTDYGILQINSRWWCNDGRTPGSRNLCNIPCSALLSSDITASVNCAKKIVSDGNGMNAWVAWRNRCKGTDVQAWIRGCRL
PT013894,Lysozyme C,P00698,4LYZ,A,109,S,V,0.08,,true,,,IPR000974|IPR001916|IPR019799|IPR023346|IPR030056,6,false,,false,H,0.86,false,false,6.33,Thermal,Thermal,CD,CD,6.4,,ddG=dTm*dS where dS(e.u.)= 379,10.1002/pro.5560041010,8535241,dtaj6d,ProTherm,MRSLLILVLCFLPLAALGKVFGRCELAAAMKRHGLDNYRGYSLGNWVCAAKFESNFNTQATNRNTDGSTDYGILQINSRWWCNDGRTPGSRNLCNIPCSALLSSDITASVNCAKKIVSDGNGMNAWVAWRNRCKGTDVQAWIRGCRL
PT013895,Lysozyme C,P00698,4LYZ,A,109,S,A,0.15,,true,,,IPR000974|IPR001916|IPR019799|IPR023346|IPR030056,6,false,,false,H,0.86,false,false,6.33,Thermal,Thermal,CD,CD,6.4,,ddG=dTm*dS where dS(e.u.)= 379,10.1002/pro.5560041010,8535241,dtaj6d,ProTherm,MRSLLILVLCFLPLAALGKVFGRCELAAAMKRHGLDNYRGYSLGNWVCAAKFESNFNTQATNRNTDGSTDYGILQINSRWWCNDGRTPGSRNLCNIPCSALLSSDITASVNCAKKIVSDGNGMNAWVAWRNRCKGTDVQAWIRGCRL
PT013896,Lysozyme C,P00698,4LYZ,A,58,T,S,0.27,,true,,,IPR000974|IPR001916|IPR019799|IPR023346|IPR030056,6,false,,false,T,0.4,false,false,6.0,Thermal,Thermal,CD,CD,6.4,,ddG=dTm*dS where dS(e.u.)= 379,10.1002/pro.5560041010,8535241,dtaj6d,ProTherm,MRSLLILVLCFLPLAALGKVFGRCELAAAMKRHGLDNYRGYSLGNWVCAAKFESNFNTQATNRNTDGSTDYGILQINSRWWCNDGRTPGSRNLCNIPCSALLSSDITASVNCAKKIVSDGNGMNAWVAWRNRCKGTDVQAWIRGCRL
PT013898,Lysozyme C,P00698,4LYZ,A,73,I,L,0.45,,true,,,IPR000974|IPR001916|IPR019799|IPR023346|IPR030056,6,false,,false,G,2.69,false,false,6.29,Thermal,Thermal,CD,CD,6.4,,ddG=dTm*dS where dS(e.u.)= 379,10.1002/pro.5560041010,8535241,dtaj6d,ProTherm,MRSLLILVLCFLPLAALGKVFGRCELAAAMKRHGLDNYRGYSLGNWVCAAKFESNFNTQATNRNTDGSTDYGILQINSRWWCNDGRTPGSRNLCNIPCSALLSSDITASVNCAKKIVSDGNGMNAWVAWRNRCKGTDVQAWIRGCRL
PT013901,Lysozyme C,P00698,4LYZ,A,73,I,V,0.91,,true,,,IPR000974|IPR001916|IPR019799|IPR023346|IPR030056,6,false,,false,G,2.69,false,false,6.29,Thermal,Thermal,CD,CD,6.4,,ddG=dTm*dS where dS(e.u.)= 379,10.1093/nar/gkx285,28449074,dtaj6d,FireProt|ProTherm,MRSLLILVLCFLPLAALGKVFGRCELAAAMKRHGLDNYRGYSLGNWVCAAKFESNFNTQATNRNTDGSTDYGILQINSRWWCNDGRTPGSRNLCNIPCSALLSSDITASVNCAKKIVSDGNGMNAWVAWRNRCKGTDVQAWIRGCRL
PT013906,Lysozyme C,P00698,4LYZ,A,58,T,I,2.2,,true,,,IPR000974|IPR001916|IPR019799|IPR023346|IPR030056,6,false,,false,T,0.4,false,false,6.0,Thermal,Thermal,CD,CD,6.4,,ddG=dTm*dS where dS(e.u.)= 379,10.1093/nar/gkx285,28449074,dtaj6d,FireProt|ProTherm,MRSLLILVLCFLPLAALGKVFGRCELAAAMKRHGLDNYRGYSLGNWVCAAKFESNFNTQATNRNTDGSTDYGILQINSRWWCNDGRTPGSRNLCNIPCSALLSSDITASVNCAKKIVSDGNGMNAWVAWRNRCKGTDVQAWIRGCRL
PT013907,Lysozyme C,P00698,4LYZ,A,73,I,M,2.27,,true,,,IPR000974|IPR001916|IPR019799|IPR023346|IPR030056,6,false,,false,G,2.69,false,false,6.29,Thermal,Thermal,CD,CD,6.4,,ddG=dTm*dS where dS(e.u.)= 379,10.1093/nar/gkx285,28449074,dtaj6d,FireProt|ProTherm,MRSLLILVLCFLPLAALGKVFGRCELAAAMKRHGLDNYRGYSLGNWVCAAKFESNFNTQATNRNTDGSTDYGILQINSRWWCNDGRTPGSRNLCNIPCSALLSSDITASVNCAKKIVSDGNGMNAWVAWRNRCKGTDVQAWIRGCRL
PT013908,Lysozyme C,P00698,4LYZ,A,109,S,D,2.31,,true,,,IPR000974|IPR001916|IPR019799|IPR023346|IPR030056,6,false,,false,H,0.86,false,false,6.33,Thermal,Thermal,CD,CD,6.4,,ddG=dTm*dS where dS(e.u.)= 379,10.1093/nar/gkx285,28449074,dtaj6d,FireProt|ProTherm,MRSLLILVLCFLPLAALGKVFGRCELAAAMKRHGLDNYRGYSLGNWVCAAKFESNFNTQATNRNTDGSTDYGILQINSRWWCNDGRTPGSRNLCNIPCSALLSSDITASVNCAKKIVSDGNGMNAWVAWRNRCKGTDVQAWIRGCRL
PT013909,Lysozyme C,P00698,4LYZ,A,73,I,F,2.46,,true,,,IPR000974|IPR001916|IPR019799|IPR023346|IPR030056,6,false,,false,G,2.69,false,false,6.29,Thermal,Thermal,CD,CD,6.4,,ddG=dTm*dS where dS(e.u.)= 379,10.1093/nar/gkx285,28449074,dtaj6d,FireProt|ProTherm,MRSLLILVLCFLPLAALGKVFGRCELAAAMKRHGLDNYRGYSLGNWVCAAKFESNFNTQATNRNTDGSTDYGILQINSRWWCNDGRTPGSRNLCNIPCSALLSSDITASVNCAKKIVSDGNGMNAWVAWRNRCKGTDVQAWIRGCRL
PT013911,Lysozyme C,P00698,4LYZ,A,109,S,Y,3.07,,true,,,IPR000974|IPR001916|IPR019799|IPR023346|IPR030056,6,false,,false,H,0.86,false,false,6.33,Thermal,Thermal,CD,CD,6.4,,ddG=dTm*dS where dS(e.u.)= 379,10.1093/nar/gkx285,28449074,dtaj6d,FireProt|ProTherm,MRSLLILVLCFLPLAALGKVFGRCELAAAMKRHGLDNYRGYSLGNWVCAAKFESNFNTQATNRNTDGSTDYGILQINSRWWCNDGRTPGSRNLCNIPCSALLSSDITASVNCAKKIVSDGNGMNAWVAWRNRCKGTDVQAWIRGCRL
PT013912,Lysozyme C,P00698,4LYZ,A,73,I,A,4.4,,true,,,IPR000974|IPR001916|IPR019799|IPR023346|IPR030056,6,false,,false,G,2.69,false,false,6.29,Thermal,Thermal,CD,CD,6.4,,ddG=dTm*dS where dS(e.u.)= 379,10.1093/nar/gkx285,28449074,dtaj6d,FireProt|ProTherm,MRSLLILVLCFLPLAALGKVFGRCELAAAMKRHGLDNYRGYSLGNWVCAAKFESNFNTQATNRNTDGSTDYGILQINSRWWCNDGRTPGSRNLCNIPCSALLSSDITASVNCAKKIVSDGNGMNAWVAWRNRCKGTDVQAWIRGCRL
PT013913,Lysozyme C,P00698,4LYZ,A,73,I,T,4.96,,true,,,IPR000974|IPR001916|IPR019799|IPR023346|IPR030056,6,false,,false,G,2.69,false,false,6.29,Thermal,Thermal,CD,CD,6.4,,ddG=dTm*dS where dS(e.u.)= 379,10.1093/nar/gkx285,28449074,dtaj6d,FireProt|ProTherm,MRSLLILVLCFLPLAALGKVFGRCELAAAMKRHGLDNYRGYSLGNWVCAAKFESNFNTQATNRNTDGSTDYGILQINSRWWCNDGRTPGSRNLCNIPCSALLSSDITASVNCAKKIVSDGNGMNAWVAWRNRCKGTDVQAWIRGCRL
PT014560,Lysozyme C,P00698,4LYZ,A,67,G,A,1.89,,true,,,IPR000974|IPR001916|IPR019799|IPR023346|IPR030056,5,false,,false,E,20.92,false,false,5.16,Thermal,Thermal,DSC,DSC,2.7,,,10.1093/protein/13.10.691,11112507,dtaj6d,ProTherm,MRSLLILVLCFLPLAALGKVFGRCELAAAMKRHGLDNYRGYSLGNWVCAAKFESNFNTQATNRNTDGSTDYGILQINSRWWCNDGRTPGSRNLCNIPCSALLSSDITASVNCAKKIVSDGNGMNAWVAWRNRCKGTDVQAWIRGCRL
PT014561,Lysozyme C,P00698,4LYZ,A,85,G,A,0.98,,true,,,IPR000974|IPR001916|IPR019799|IPR023346|IPR030056,4,false,,false,E,72.11,false,false,6.06,Thermal,Thermal,DSC,DSC,2.7,,,10.1093/protein/13.10.691,11112507,dtaj6d,ProTherm,MRSLLILVLCFLPLAALGKVFGRCELAAAMKRHGLDNYRGYSLGNWVCAAKFESNFNTQATNRNTDGSTDYGILQINSRWWCNDGRTPGSRNLCNIPCSALLSSDITASVNCAKKIVSDGNGMNAWVAWRNRCKGTDVQAWIRGCRL
PT014562,Lysozyme C,P00698,4LYZ,A,89,G,A,0.38,,true,,,IPR000974|IPR001916|IPR019799|IPR023346|IPR030056,3,false,,false,G,33.61,false,false,4.03,Thermal,Thermal,DSC,DSC,2.7,,,10.1093/protein/13.10.691,11112507,dtaj6d,ProTherm,MRSLLILVLCFLPLAALGKVFGRCELAAAMKRHGLDNYRGYSLGNWVCAAKFESNFNTQATNRNTDGSTDYGILQINSRWWCNDGRTPGSRNLCNIPCSALLSSDITASVNCAKKIVSDGNGMNAWVAWRNRCKGTDVQAWIRGCRL
PT014563,Lysozyme C,P00698,4LYZ,A,120,G,A,-0.02,,true,,,IPR000974|IPR001916|IPR019799|IPR023346|IPR030056,4,false,,false,H,61.29,false,false,5.41,Thermal,Thermal,DSC,DSC,2.7,,,10.3390/ijms1704051,27070572,dtaj6d,khan1784|potapov2156|capriotti1615|I-Mutant1948|I-Mutant2087|Saraboji1396|Saraboji1791|Saraboji2204|IPTREE-STAB|SVM1634|SVM1681|PopMuSiC|M47M8-2760|EASE-MM-1676|SAAFEC983|STRUM3421|ProTherm,MRSLLILVLCFLPLAALGKVFGRCELAAAMKRHGLDNYRGYSLGNWVCAAKFESNFNTQATNRNTDGSTDYGILQINSRWWCNDGRTPGSRNLCNIPCSALLSSDITASVNCAKKIVSDGNGMNAWVAWRNRCKGTDVQAWIRGCRL
PT014564,Lysozyme C,P00698,4LYZ,A,135,G,A,1.46,,true,,,IPR000974|IPR001916|IPR019799|IPR023346|IPR030056,6,false,,false,G,81.5,false,false,5.25,Thermal,Thermal,DSC,DSC,2.7,,,10.1093/protein/13.10.691,11112507,dtaj6d,ProTherm,MRSLLILVLCFLPLAALGKVFGRCELAAAMKRHGLDNYRGYSLGNWVCAAKFESNFNTQATNRNTDGSTDYGILQINSRWWCNDGRTPGSRNLCNIPCSALLSSDITASVNCAKKIVSDGNGMNAWVAWRNRCKGTDVQAWIRGCRL
PT014571,Lysozyme C,P00698,4LYZ,A,30,M,L,0.57,,true,,,IPR000974|IPR001916|IPR019799|IPR023346|IPR030056,6,false,,false,H,2.0,false,false,7.43,Thermal,Thermal,DSC,DSC,2.7,,,10.1093/nar/gkx285,28449074,dtaj6d,FireProt|ProTherm,MRSLLILVLCFLPLAALGKVFGRCELAAAMKRHGLDNYRGYSLGNWVCAAKFESNFNTQATNRNTDGSTDYGILQINSRWWCNDGRTPGSRNLCNIPCSALLSSDITASVNCAKKIVSDGNGMNAWVAWRNRCKGTDVQAWIRGCRL
PT014572,Lysozyme C,P00698,4LYZ,A,30,M,F,-0.28,,true,,,IPR000974|IPR001916|IPR019799|IPR023346|IPR030056,6,false,,false,H,2.0,false,false,7.43,Thermal,Thermal,DSC,DSC,2.7,,,10.1110/ps.37401,11266617,dtaj6d,ProTherm,MRSLLILVLCFLPLAALGKVFGRCELAAAMKRHGLDNYRGYSLGNWVCAAKFESNFNTQATNRNTDGSTDYGILQINSRWWCNDGRTPGSRNLCNIPCSALLSSDITASVNCAKKIVSDGNGMNAWVAWRNRCKGTDVQAWIRGCRL
VB00233,Lysozyme C,P00698,4LYZ,A,73,I,A,2.8,,false,,,IPR000974|IPR001916|IPR019799|IPR023346|IPR030056,6,false,,false,G,2.69,false,false,6.29,,,,,,,,10.1093/bioinformatics/bth928,15262782,dtaj6d,khan1784|capriotti1615|I-Mutant1948|I-Mutant2087|IPTREE-STAB|SVM1634|SVM1681|M47M8-2760|AUTOMUTE1925,MRSLLILVLCFLPLAALGKVFGRCELAAAMKRHGLDNYRGYSLGNWVCAAKFESNFNTQATNRNTDGSTDYGILQINSRWWCNDGRTPGSRNLCNIPCSALLSSDITASVNCAKKIVSDGNGMNAWVAWRNRCKGTDVQAWIRGCRL
VB00234,Lysozyme C,P00698,4LYZ,A,73,I,V,0.0,,false,,,IPR000974|IPR001916|IPR019799|IPR023346|IPR030056,6,false,,false,G,2.69,false,false,6.29,,,,,,,,10.1093/bioinformatics/bth928,15262782,dtaj6d,khan1784|potapov2156|capriotti1615|I-Mutant1948|I-Mutant2087|IPTREE-STAB|SVM1634|SVM1681|M47M8-2760|EASE-MM-1676|STRUM3421|AUTOMUTE1925,MRSLLILVLCFLPLAALGKVFGRCELAAAMKRHGLDNYRGYSLGNWVCAAKFESNFNTQATNRNTDGSTDYGILQINSRWWCNDGRTPGSRNLCNIPCSALLSSDITASVNCAKKIVSDGNGMNAWVAWRNRCKGTDVQAWIRGCRL
VB00235,Lysozyme C,P00698,4LYZ,A,88,P,N,2.1,,false,,,IPR000974|IPR001916|IPR019799|IPR023346|IPR030056,5,false,,false,G,124.59,false,false,4.79,,,,,9.5,20.0,,10.1093/bioinformatics/bth928,15262782,dtaj6d,khan1784|capriotti1615|I-Mutant1948|I-Mutant2087|IPTREE-STAB|SVM499|M47M8-1810|M47M8-2760|AUTOMUTE1925,MRSLLILVLCFLPLAALGKVFGRCELAAAMKRHGLDNYRGYSLGNWVCAAKFESNFNTQATNRNTDGSTDYGILQINSRWWCNDGRTPGSRNLCNIPCSALLSSDITASVNCAKKIVSDGNGMNAWVAWRNRCKGTDVQAWIRGCRL
VB00236,Lysozyme C,P00698,4LYZ,A,119,D,E,0.0,,false,,,IPR000974|IPR001916|IPR019799|IPR023346|IPR030056,3,false,,false,H,95.27,false,false,3.1,,,,,6.4,74.0,,10.1093/bioinformatics/bth928,15262782,dtaj6d,khan1784|capriotti1615|I-Mutant1948|I-Mutant2087|IPTREE-STAB|SVM499|M47M8-2760|AUTOMUTE1925,MRSLLILVLCFLPLAALGKVFGRCELAAAMKRHGLDNYRGYSLGNWVCAAKFESNFNTQATNRNTDGSTDYGILQINSRWWCNDGRTPGSRNLCNIPCSALLSSDITASVNCAKKIVSDGNGMNAWVAWRNRCKGTDVQAWIRGCRL
VB00722,Lysozyme C,P00698,4LYZ,A,119,D,E,0.0,,false,,,IPR000974|IPR001916|IPR019799|IPR023346|IPR030056,3,false,,false,H,95.27,false,false,3.1,,,,,6.4,74.0,,10.1093/bioinformatics/bth928,15262782,dtaj6d,khan1784|capriotti1615|I-Mutant1948|I-Mutant2087|Saraboji1396|IPTREE-STAB|SVM1634|SVM1681|PopMuSiC|M47M8-1810|M47M8-2760|EASE-MM-1676|HotMuSiC|STRUM3421|AUTOMUTE1925,MRSLLILVLCFLPLAALGKVFGRCELAAAMKRHGLDNYRGYSLGNWVCAAKFESNFNTQATNRNTDGSTDYGILQINSRWWCNDGRTPGSRNLCNIPCSALLSSDITASVNCAKKIVSDGNGMNAWVAWRNRCKGTDVQAWIRGCRL
VB00896,Lysozyme C,P00698,4LYZ,A,31,K,D,8.0,,false,,,IPR000974|IPR001916|IPR019799|IPR023346|IPR030056,3,false,,false,H,75.98,false,false,6.44,,,,,9.5,20.0,,10.1093/bioinformatics/bth928,15262782,dtaj6d,khan1784|potapov2156|capriotti1615|I-Mutant1948|I-Mutant2087|Saraboji2204|IPTREE-STAB|SVM1634|SVM1681|M47M8-1810|M47M8-2760|EASE-MM-1676|STRUM3421|AUTOMUTE1925|AUTOMUTE1965,MRSLLILVLCFLPLAALGKVFGRCELAAAMKRHGLDNYRGYSLGNWVCAAKFESNFNTQATNRNTDGSTDYGILQINSRWWCNDGRTPGSRNLCNIPCSALLSSDITASVNCAKKIVSDGNGMNAWVAWRNRCKGTDVQAWIRGCRL
VB00897,Lysozyme C,P00698,4LYZ,A,67,G,N,2.0,,false,,,IPR000974|IPR001916|IPR019799|IPR023346|IPR030056,5,false,,false,E,20.92,false,false,5.16,,,,,9.5,20.0,,10.1093/bioinformatics/bth928,15262782,dtaj6d,khan1784|potapov2156|capriotti388|capriotti1615|I-Mutant1948|I-Mutant2087|IPTREE-STAB|SVM1634|SVM1681|M47M8-2760|STRUM3421|AUTOMUTE1925,MRSLLILVLCFLPLAALGKVFGRCELAAAMKRHGLDNYRGYSLGNWVCAAKFESNFNTQATNRNTDGSTDYGILQINSRWWCNDGRTPGSRNLCNIPCSALLSSDITASVNCAKKIVSDGNGMNAWVAWRNRCKGTDVQAWIRGCRL
VB00898,Lysozyme C,P00698,4LYZ,A,88,P,N,3.5,,false,,,IPR000974|IPR001916|IPR019799|IPR023346|IPR030056,5,false,,false,G,124.59,false,false,4.79,,,,,9.5,20.0,,10.1093/bioinformatics/bth928,15262782,dtaj6d,khan1784|potapov2156|capriotti388|capriotti1615|I-Mutant1948|I-Mutant2087|IPTREE-STAB|SVM1634|SVM1681|M47M8-1810|M47M8-2760|STRUM3421|AUTOMUTE1925,MRSLLILVLCFLPLAALGKVFGRCELAAAMKRHGLDNYRGYSLGNWVCAAKFESNFNTQATNRNTDGSTDYGILQINSRWWCNDGRTPGSRNLCNIPCSALLSSDITASVNCAKKIVSDGNGMNAWVAWRNRCKGTDVQAWIRGCRL
VB00899,Lysozyme C,P00698,4LYZ,A,112,C,A,6.0,,false,,,IPR000974|IPR001916|IPR019799|IPR023346|IPR030056,8,false,,false,H,3.09,false,false,8.3,,,,,9.5,20.0,,10.1093/bioinformatics/bth928,15262782,dtaj6d,khan1784|potapov2156|capriotti388|capriotti1615|I-Mutant1948|I-Mutant2087|IPTREE-STAB|SVM1634|SVM1681|M47M8-1810|M47M8-2760|STRUM3421|AUTOMUTE1925,MRSLLILVLCFLPLAALGKVFGRCELAAAMKRHGLDNYRGYSLGNWVCAAKFESNFNTQATNRNTDGSTDYGILQINSRWWCNDGRTPGSRNLCNIPCSALLSSDITASVNCAKKIVSDGNGMNAWVAWRNRCKGTDVQAWIRGCRL
VB00900,Lysozyme C,P00698,4LYZ,A,121,N,D,-1.0,,false,,,IPR000974|IPR001916|IPR019799|IPR023346|IPR030056,5,false,,false,S,100.74,false,false,4.96,,,,,9.5,20.0,,10.1093/bioinformatics/bth928,15262782,dtaj6d,khan1784|potapov2156|capriotti388|capriotti1615|I-Mutant1948|I-Mutant2087|IPTREE-STAB|SVM1634|SVM1681|M47M8-1810|M47M8-2760|STRUM3421|AUTOMUTE1925,MRSLLILVLCFLPLAALGKVFGRCELAAAMKRHGLDNYRGYSLGNWVCAAKFESNFNTQATNRNTDGSTDYGILQINSRWWCNDGRTPGSRNLCNIPCSALLSSDITASVNCAKKIVSDGNGMNAWVAWRNRCKGTDVQAWIRGCRL
VB00901,Lysozyme C,P00698,4LYZ,A,123,M,T,1.0,,false,,,IPR000974|IPR001916|IPR019799|IPR023346|IPR030056,6,false,,false,G,0.0,true,false,7.54,,,,,9.5,20.0,,10.1093/bioinformatics/bth928,15262782,dtaj6d,khan1784|potapov2156|capriotti388|capriotti1615|I-Mutant1948|I-Mutant2087|IPTREE-STAB|SVM1634|SVM1681|M47M8-1810|M47M8-2760|STRUM3421|AUTOMUTE1925,MRSLLILVLCFLPLAALGKVFGRCELAAAMKRHGLDNYRGYSLGNWVCAAKFESNFNTQATNRNTDGSTDYGILQINSRWWCNDGRTPGSRNLCNIPCSALLSSDITASVNCAKKIVSDGNGMNAWVAWRNRCKGTDVQAWIRGCRL
VB00956,Lysozyme C,P00698,4LYZ,A,30,M,L,0.2,,false,,,IPR000974|IPR001916|IPR019799|IPR023346|IPR030056,6,false,,false,H,2.0,false,false,7.43,,,,,2.7,66.0,,10.1093/bioinformatics/bth928,15262782,dtaj6d,khan1784|potapov2156|capriotti388|capriotti1615|PON-Tstab|I-Mutant1948|I-Mutant2087|IPTREE-STAB|SVM1634|SVM1681|M47M8-1810|M47M8-2760|STRUM3421|AUTOMUTE1925,MRSLLILVLCFLPLAALGKVFGRCELAAAMKRHGLDNYRGYSLGNWVCAAKFESNFNTQATNRNTDGSTDYGILQINSRWWCNDGRTPGSRNLCNIPCSALLSSDITASVNCAKKIVSDGNGMNAWVAWRNRCKGTDVQAWIRGCRL
VB03434,Lysozyme C,P00698,4LYZ,A,53,E,A,-1.2,,false,,,IPR000974|IPR001916|IPR019799|IPR023346|IPR030056,5,true,,false,H,33.86,true,false,5.92,,,,,,,,10.1002/bip.20462,16453276,dtaj6d,Saraboji2204|AUTOMUTE1965,MRSLLILVLCFLPLAALGKVFGRCELAAAMKRHGLDNYRGYSLGNWVCAAKFESNFNTQATNRNTDGSTDYGILQINSRWWCNDGRTPGSRNLCNIPCSALLSSDITASVNCAKKIVSDGNGMNAWVAWRNRCKGTDVQAWIRGCRL
VB03435,Lysozyme C,P00698,4LYZ,A,53,E,H,2.5,,false,,,IPR000974|IPR001916|IPR019799|IPR023346|IPR030056,5,true,,false,H,33.86,true,false,5.92,,,,,4.6,35.0,,10.1002/bip.20462,16453276,dtaj6d,Saraboji2204|STRUM3421|AUTOMUTE1965|SAAFEC1262,MRSLLILVLCFLPLAALGKVFGRCELAAAMKRHGLDNYRGYSLGNWVCAAKFESNFNTQATNRNTDGSTDYGILQINSRWWCNDGRTPGSRNLCNIPCSALLSSDITASVNCAKKIVSDGNGMNAWVAWRNRCKGTDVQAWIRGCRL
VB03436,Lysozyme C,P00698,4LYZ,A,53,E,Q,-0.6,,false,,,IPR000974|IPR001916|IPR019799|IPR023346|IPR030056,5,true,,false,H,33.86,true,false,5.92,,,,,4.6,35.0,,10.1002/bip.20462,16453276,dtaj6d,Saraboji2204|STRUM3421|AUTOMUTE1965|SAAFEC1262,MRSLLILVLCFLPLAALGKVFGRCELAAAMKRHGLDNYRGYSLGNWVCAAKFESNFNTQATNRNTDGSTDYGILQINSRWWCNDGRTPGSRNLCNIPCSALLSSDITASVNCAKKIVSDGNGMNAWVAWRNRCKGTDVQAWIRGCRL
VB03437,Lysozyme C,P00698,4LYZ,A,64,N,D,-0.4,,false,,,IPR000974|IPR001916|IPR019799|IPR023346|IPR030056,4,false,,false,E,70.49,false,false,3.88,,,,,4.5,35.0,,10.1002/bip.20462,16453276,dtaj6d,Saraboji2204|STRUM3421|AUTOMUTE1965|SAAFEC1262,MRSLLILVLCFLPLAALGKVFGRCELAAAMKRHGLDNYRGYSLGNWVCAAKFESNFNTQATNRNTDGSTDYGILQINSRWWCNDGRTPGSRNLCNIPCSALLSSDITASVNCAKKIVSDGNGMNAWVAWRNRCKGTDVQAWIRGCRL
VB03438,Lysozyme C,P00698,4LYZ,A,73,I,T,4.1,,false,,,IPR000974|IPR001916|IPR019799|IPR023346|IPR030056,6,false,,false,G,2.69,false,false,6.29,,,,,5.8,52.5,,10.1002/bip.20462,16453276,dtaj6d,Saraboji2204|STRUM3421|AUTOMUTE1965,MRSLLILVLCFLPLAALGKVFGRCELAAAMKRHGLDNYRGYSLGNWVCAAKFESNFNTQATNRNTDGSTDYGILQINSRWWCNDGRTPGSRNLCNIPCSALLSSDITASVNCAKKIVSDGNGMNAWVAWRNRCKGTDVQAWIRGCRL
VB03439,Lysozyme C,P00698,4LYZ,A,67,G,A,-1.2,,false,,,IPR000974|IPR001916|IPR019799|IPR023346|IPR030056,5,false,,false,E,20.92,false,false,5.16,,,,,4.2,48.8,,10.1002/bip.20462,16453276,dtaj6d,Saraboji2204|STRUM3421|AUTOMUTE1965,MRSLLILVLCFLPLAALGKVFGRCELAAAMKRHGLDNYRGYSLGNWVCAAKFESNFNTQATNRNTDGSTDYGILQINSRWWCNDGRTPGSRNLCNIPCSALLSSDITASVNCAKKIVSDGNGMNAWVAWRNRCKGTDVQAWIRGCRL
VB03440,Lysozyme C,P00698,4LYZ,A,126,W,Y,1.9,,false,,,IPR000974|IPR001916|IPR019799|IPR023346|IPR030056,8,false,,false,G,12.17,true,false,6.24,,,,,4.6,35.0,,10.1002/bip.20462,16453276,dtaj6d,Saraboji2204|STRUM3421|Broom|AUTOMUTE1965|SAAFEC1262,MRSLLILVLCFLPLAALGKVFGRCELAAAMKRHGLDNYRGYSLGNWVCAAKFESNFNTQATNRNTDGSTDYGILQINSRWWCNDGRTPGSRNLCNIPCSALLSSDITASVNCAKKIVSDGNGMNAWVAWRNRCKGTDVQAWIRGCRL
VB04597,Lysozyme C,P00698,4LYZ,A,67,G,A,-0.7,,false,,,IPR000974|IPR001916|IPR019799|IPR023346|IPR030056,5,false,,false,E,20.92,false,false,5.16,,,,,2.7,25.0,,10.1002/humu.21242,20232415,dtaj6d,khan1784,MRSLLILVLCFLPLAALGKVFGRCELAAAMKRHGLDNYRGYSLGNWVCAAKFESNFNTQATNRNTDGSTDYGILQINSRWWCNDGRTPGSRNLCNIPCSALLSSDITASVNCAKKIVSDGNGMNAWVAWRNRCKGTDVQAWIRGCRL
VB04598,Lysozyme C,P00698,4LYZ,A,67,G,A,-0.5,,false,,,IPR000974|IPR001916|IPR019799|IPR023346|IPR030056,5,false,,false,E,20.92,false,false,5.16,,,,,2.7,25.0,,10.1002/humu.21242,20232415,dtaj6d,khan1784,MRSLLILVLCFLPLAALGKVFGRCELAAAMKRHGLDNYRGYSLGNWVCAAKFESNFNTQATNRNTDGSTDYGILQINSRWWCNDGRTPGSRNLCNIPCSALLSSDITASVNCAKKIVSDGNGMNAWVAWRNRCKGTDVQAWIRGCRL
VB04599,Lysozyme C,P00698,4LYZ,A,89,G,A,2.1,,false,,,IPR000974|IPR001916|IPR019799|IPR023346|IPR030056,3,false,,false,G,33.61,false,false,4.03,,,,,2.7,25.0,,10.1093/bioinformatics/bth928,15262782,dtaj6d,khan1784|capriotti1615|I-Mutant1948|I-Mutant2087|Saraboji1396|IPTREE-STAB|SVM499|M47M8-2760|EASE-MM-1676|STRUM3421|AUTOMUTE1925,MRSLLILVLCFLPLAALGKVFGRCELAAAMKRHGLDNYRGYSLGNWVCAAKFESNFNTQATNRNTDGSTDYGILQINSRWWCNDGRTPGSRNLCNIPCSALLSSDITASVNCAKKIVSDGNGMNAWVAWRNRCKGTDVQAWIRGCRL
VB04600,Lysozyme C,P00698,4LYZ,A,120,G,A,-1.2,,false,,,IPR000974|IPR001916|IPR019799|IPR023346|IPR030056,4,false,,false,H,61.29,false,false,5.41,,,,,2.7,25.0,,10.1002/humu.21242,20232415,dtaj6d,khan1784,MRSLLILVLCFLPLAALGKVFGRCELAAAMKRHGLDNYRGYSLGNWVCAAKFESNFNTQATNRNTDGSTDYGILQINSRWWCNDGRTPGSRNLCNIPCSALLSSDITASVNCAKKIVSDGNGMNAWVAWRNRCKGTDVQAWIRGCRL
VB04601,Lysozyme C,P00698,4LYZ,A,135,G,A,0.8,,false,,,IPR000974|IPR001916|IPR019799|IPR023346|IPR030056,6,false,,false,G,81.5,false,false,5.25,,,,,2.7,25.0,,10.1002/humu.21242,20232415,dtaj6d,khan1784,MRSLLILVLCFLPLAALGKVFGRCELAAAMKRHGLDNYRGYSLGNWVCAAKFESNFNTQATNRNTDGSTDYGILQINSRWWCNDGRTPGSRNLCNIPCSALLSSDITASVNCAKKIVSDGNGMNAWVAWRNRCKGTDVQAWIRGCRL
VB05354,Lysozyme C,P00698,4LYZ,A,53,E,H,2.0,,false,,,IPR000974|IPR001916|IPR019799|IPR023346|IPR030056,5,true,,false,H,33.86,true,false,5.92,,,,,,,,10.1016/S0022-2836(02)00442-4,12079393,dtaj6d,guerios339,MRSLLILVLCFLPLAALGKVFGRCELAAAMKRHGLDNYRGYSLGNWVCAAKFESNFNTQATNRNTDGSTDYGILQINSRWWCNDGRTPGSRNLCNIPCSALLSSDITASVNCAKKIVSDGNGMNAWVAWRNRCKGTDVQAWIRGCRL
VB05355,Lysozyme C,P00698,4LYZ,A,67,G,A,1.6,,false,,,IPR000974|IPR001916|IPR019799|IPR023346|IPR030056,5,false,,false,E,20.92,false,false,5.16,,,,,,,,10.1016/S0022-2836(02)00442-4,12079393,dtaj6d,guerios339,MRSLLILVLCFLPLAALGKVFGRCELAAAMKRHGLDNYRGYSLGNWVCAAKFESNFNTQATNRNTDGSTDYGILQINSRWWCNDGRTPGSRNLCNIPCSALLSSDITASVNCAKKIVSDGNGMNAWVAWRNRCKGTDVQAWIRGCRL
VB05356,Lysozyme C,P00698,4LYZ,A,73,I,T,2.8,,false,,,IPR000974|IPR001916|IPR019799|IPR023346|IPR030056,6,false,,false,G,2.69,false,false,6.29,,,,,,,,10.1016/S0022-2836(02)00442-4,12079393,dtaj6d,guerios339,MRSLLILVLCFLPLAALGKVFGRCELAAAMKRHGLDNYRGYSLGNWVCAAKFESNFNTQATNRNTDGSTDYGILQINSRWWCNDGRTPGSRNLCNIPCSALLSSDITASVNCAKKIVSDGNGMNAWVAWRNRCKGTDVQAWIRGCRL
VB05357,Lysozyme C,P00698,4LYZ,A,76,I,M,1.0,,false,,,IPR000974|IPR001916|IPR019799|IPR023346|IPR030056,6,false,,false,I,3.76,false,false,6.0,,,,,,,,10.1016/S0022-2836(02)00442-4,12079393,dtaj6d,guerios339,MRSLLILVLCFLPLAALGKVFGRCELAAAMKRHGLDNYRGYSLGNWVCAAKFESNFNTQATNRNTDGSTDYGILQINSRWWCNDGRTPGSRNLCNIPCSALLSSDITASVNCAKKIVSDGNGMNAWVAWRNRCKGTDVQAWIRGCRL
VB05358,Lysozyme C,P00698,4LYZ,A,67,G,A,1.1,,false,,,IPR000974|IPR001916|IPR019799|IPR023346|IPR030056,5,false,,false,E,20.92,false,false,5.16,,,,,,,,10.1016/S0022-2836(02)00442-4,12079393,dtaj6d,guerios339,MRSLLILVLCFLPLAALGKVFGRCELAAAMKRHGLDNYRGYSLGNWVCAAKFESNFNTQATNRNTDGSTDYGILQINSRWWCNDGRTPGSRNLCNIPCSALLSSDITASVNCAKKIVSDGNGMNAWVAWRNRCKGTDVQAWIRGCRL
VB05359,Lysozyme C,P00698,4LYZ,A,96,I,M,0.8,,false,,,IPR000974|IPR001916|IPR019799|IPR023346|IPR030056,5,false,,false,E,52.53,false,false,5.06,,,,,,,,10.1016/S0022-2836(02)00442-4,12079393,dtaj6d,guerios339,MRSLLILVLCFLPLAALGKVFGRCELAAAMKRHGLDNYRGYSLGNWVCAAKFESNFNTQATNRNTDGSTDYGILQINSRWWCNDGRTPGSRNLCNIPCSALLSSDITASVNCAKKIVSDGNGMNAWVAWRNRCKGTDVQAWIRGCRL
VB05360,Lysozyme C,P00698,4LYZ,A,116,I,M,0.8,,false,,,IPR000974|IPR001916|IPR019799|IPR023346|IPR030056,6,false,,false,H,9.75,false,false,6.63,,,,,,,,10.1016/S0022-2836(02)00442-4,12079393,dtaj6d,guerios339,MRSLLILVLCFLPLAALGKVFGRCELAAAMKRHGLDNYRGYSLGNWVCAAKFESNFNTQATNRNTDGSTDYGILQINSRWWCNDGRTPGSRNLCNIPCSALLSSDITASVNCAKKIVSDGNGMNAWVAWRNRCKGTDVQAWIRGCRL
VB05361,Lysozyme C,P00698,4LYZ,A,119,D,P,2.0,,false,,,IPR000974|IPR001916|IPR019799|IPR023346|IPR030056,3,false,,false,H,95.27,false,false,3.1,,,,,,,,10.1016/S0022-2836(02)00442-4,12079393,dtaj6d,guerios339,MRSLLILVLCFLPLAALGKVFGRCELAAAMKRHGLDNYRGYSLGNWVCAAKFESNFNTQATNRNTDGSTDYGILQINSRWWCNDGRTPGSRNLCNIPCSALLSSDITASVNCAKKIVSDGNGMNAWVAWRNRCKGTDVQAWIRGCRL
VB05362,Lysozyme C,P00698,4LYZ,A,126,W,Q,3.0,,false,,,IPR000974|IPR001916|IPR019799|IPR023346|IPR030056,8,false,,false,G,12.17,true,false,6.24,,,,,,,,10.1016/S0022-2836(02)00442-4,12079393,dtaj6d,guerios339,MRSLLILVLCFLPLAALGKVFGRCELAAAMKRHGLDNYRGYSLGNWVCAAKFESNFNTQATNRNTDGSTDYGILQINSRWWCNDGRTPGSRNLCNIPCSALLSSDITASVNCAKKIVSDGNGMNAWVAWRNRCKGTDVQAWIRGCRL
VB05363,Lysozyme C,P00698,4LYZ,A,126,W,Y,1.1,,false,,,IPR000974|IPR001916|IPR019799|IPR023346|IPR030056,8,false,,false,G,12.17,true,false,6.24,,,,,,,,10.1016/S0022-2836(02)00442-4,12079393,dtaj6d,guerios339,MRSLLILVLCFLPLAALGKVFGRCELAAAMKRHGLDNYRGYSLGNWVCAAKFESNFNTQATNRNTDGSTDYGILQINSRWWCNDGRTPGSRNLCNIPCSALLSSDITASVNCAKKIVSDGNGMNAWVAWRNRCKGTDVQAWIRGCRL
VB05364,Lysozyme C,P00698,4LYZ,A,136,T,P,1.7,,false,,,IPR000974|IPR001916|IPR019799|IPR023346|IPR030056,4,false,,false,G,77.06,false,false,6.92,,,,,,,,10.1016/S0022-2836(02)00442-4,12079393,dtaj6d,guerios339,MRSLLILVLCFLPLAALGKVFGRCELAAAMKRHGLDNYRGYSLGNWVCAAKFESNFNTQATNRNTDGSTDYGILQINSRWWCNDGRTPGSRNLCNIPCSALLSSDITASVNCAKKIVSDGNGMNAWVAWRNRCKGTDVQAWIRGCRL
VB05519,Lysozyme C,P00698,4LYZ,A,53,E,A,-1.4,,false,,,IPR000974|IPR001916|IPR019799|IPR023346|IPR030056,5,true,,false,H,33.86,true,false,5.92,,,,,4.5,35.0,,10.1016/S0022-2836(02)00442-4,12079393,dtaj6d,guerios339,MRSLLILVLCFLPLAALGKVFGRCELAAAMKRHGLDNYRGYSLGNWVCAAKFESNFNTQATNRNTDGSTDYGILQINSRWWCNDGRTPGSRNLCNIPCSALLSSDITASVNCAKKIVSDGNGMNAWVAWRNRCKGTDVQAWIRGCRL
VB05520,Lysozyme C,P00698,4LYZ,A,53,E,H,2.3,,false,,,IPR000974|IPR001916|IPR019799|IPR023346|IPR030056,5,true,,false,H,33.86,true,false,5.92,,,,,,,,10.1016/S0022-2836(02)00442-4,12079393,dtaj6d,guerios339,MRSLLILVLCFLPLAALGKVFGRCELAAAMKRHGLDNYRGYSLGNWVCAAKFESNFNTQATNRNTDGSTDYGILQINSRWWCNDGRTPGSRNLCNIPCSALLSSDITASVNCAKKIVSDGNGMNAWVAWRNRCKGTDVQAWIRGCRL
VB05521,Lysozyme C,P00698,4LYZ,A,53,E,Q,-0.2,,false,,,IPR000974|IPR001916|IPR019799|IPR023346|IPR030056,5,true,,false,H,33.86,true,false,5.92,,,,,,,,10.1016/S0022-2836(02)00442-4,12079393,dtaj6d,guerios339,MRSLLILVLCFLPLAALGKVFGRCELAAAMKRHGLDNYRGYSLGNWVCAAKFESNFNTQATNRNTDGSTDYGILQINSRWWCNDGRTPGSRNLCNIPCSALLSSDITASVNCAKKIVSDGNGMNAWVAWRNRCKGTDVQAWIRGCRL
VB05895,Lysozyme C,P00698,4LYZ,A,73,I,T,4.2,,false,,,IPR000974|IPR001916|IPR019799|IPR023346|IPR030056,6,false,,false,G,2.69,false,false,6.29,,,,,5.7,49.5,,10.1002/bip.20462,16453276,dtaj6d,Saraboji2204,MRSLLILVLCFLPLAALGKVFGRCELAAAMKRHGLDNYRGYSLGNWVCAAKFESNFNTQATNRNTDGSTDYGILQINSRWWCNDGRTPGSRNLCNIPCSALLSSDITASVNCAKKIVSDGNGMNAWVAWRNRCKGTDVQAWIRGCRL
VB05896,Lysozyme C,P00698,4LYZ,A,67,G,A,0.2,,false,,,IPR000974|IPR001916|IPR019799|IPR023346|IPR030056,5,false,,false,E,20.92,false,false,5.16,,,,,4.1,50.3,,10.1002/bip.20462,16453276,dtaj6d,Saraboji2204,MRSLLILVLCFLPLAALGKVFGRCELAAAMKRHGLDNYRGYSLGNWVCAAKFESNFNTQATNRNTDGSTDYGILQINSRWWCNDGRTPGSRNLCNIPCSALLSSDITASVNCAKKIVSDGNGMNAWVAWRNRCKGTDVQAWIRGCRL
VB05897,Lysozyme C,P00698,4LYZ,A,53,E,H,2.1,,false,,,IPR000974|IPR001916|IPR019799|IPR023346|IPR030056,5,true,,false,H,33.86,true,false,5.92,,,,,4.5,35.0,,10.1002/bip.20462,16453276,dtaj6d,Saraboji2204,MRSLLILVLCFLPLAALGKVFGRCELAAAMKRHGLDNYRGYSLGNWVCAAKFESNFNTQATNRNTDGSTDYGILQINSRWWCNDGRTPGSRNLCNIPCSALLSSDITASVNCAKKIVSDGNGMNAWVAWRNRCKGTDVQAWIRGCRL
VB05898,Lysozyme C,P00698,4LYZ,A,67,G,A,0.3,,false,,,IPR000974|IPR001916|IPR019799|IPR023346|IPR030056,5,false,,false,E,20.92,false,false,5.16,,,,,4.1,50.3,,10.1002/bip.20462,16453276,dtaj6d,Saraboji2204,MRSLLILVLCFLPLAALGKVFGRCELAAAMKRHGLDNYRGYSLGNWVCAAKFESNFNTQATNRNTDGSTDYGILQINSRWWCNDGRTPGSRNLCNIPCSALLSSDITASVNCAKKIVSDGNGMNAWVAWRNRCKGTDVQAWIRGCRL
